Summary,Issue key,Issue id,Issue Type,Status,Project key,Project name,Project type,Project lead,Project lead id,Project description,Project url,Priority,Resolution,Assignee,Assignee Id,Reporter,Reporter Id,Creator,Creator Id,Created,Updated,Last Viewed,Resolved,Due date,Votes,Description,Environment,Watchers,Watchers Id,Original estimate,Remaining Estimate,Time Spent,Work Ratio,Σ Original Estimate,Σ Remaining Estimate,Σ Time Spent,Security Level,Inward issue link (Blocks),Outward issue link (Blocks),Attachment,Attachment,Attachment,Attachment,Custom field (Actual Result),Custom field (Actual end),Custom field (Actual start),Custom field (Change reason),Custom field (Change risk),Custom field (Change type),Custom field (Development),Custom field (Epic Color),Custom field (Epic Link),Epic Link Summary,Custom field (Epic Name),Custom field (Epic Status),Custom field (Expected Result),Custom field (Impact),Custom field (Issue color),Custom field (Locked forms),Custom field (Open forms),Custom field (Rank),Custom field (Request Type),Sprint,Custom field (Start date),Custom field (Story Points),Custom field (Story point estimate),Custom field (Submitted forms),Custom field (Target end),Custom field (Target start),Custom field (Team),Custom field (Test Level),Custom field (Test Steps),Custom field (Testcase Result),Custom field (Total forms),Custom field (Vulnerability),Custom field ([CHART] Date of First Response),Custom field ([CHART] Time in Status),Parent,Parent summary,Status Category,Status Category Changed
Test API Search Design,N2NET1806-275,10434,Testcase,To Do,N2NET1806,N2_NET1806_SWP,software,Nguyen Duc Hung (K17 HCM),712020:25e0fe66-7860-4789-b9c2-35f9d9a69b0c,,,Medium,,,,KhanhHGSE171330,712020:58fabc9f-37e6-4b24-a8a1-175299c155ed,KhanhHGSE171330,712020:58fabc9f-37e6-4b24-a8a1-175299c155ed,15/Jul/24 8:22 AM,15/Jul/24 8:26 AM,15/Jul/24 10:48 AM,,,0,Test Api search design,,KhanhHGSE171330,712020:58fabc9f-37e6-4b24-a8a1-175299c155ed,,,,,,,,,,N2NET1806-185,,,,,Design have name entered in textbox search show in window ,,,,,,{},,,,,,Design have name entered in textbox search show in window ,,,,,0|i000l3:,,,,,,,,,,,"1. Login with customer role
2. Enter name of design in textbox search
3. Click logo search or press ""Enter"" in keyboard",,,,,,,,To Do,15/Jul/24 8:22 AM
Test Api Create Custom Design Request,N2NET1806-274,10433,Testcase,To Do,N2NET1806,N2_NET1806_SWP,software,Nguyen Duc Hung (K17 HCM),712020:25e0fe66-7860-4789-b9c2-35f9d9a69b0c,,,Medium,,Nguyen Phuc Loc (K17 HCM),621d911559c0740069d70a5f,Nguyen Phuc Loc (K17 HCM),621d911559c0740069d70a5f,Nguyen Phuc Loc (K17 HCM),621d911559c0740069d70a5f,15/Jul/24 8:15 AM,15/Jul/24 8:39 AM,15/Jul/24 10:47 AM,,,0,Test api create custom design by customer,,Nguyen Phuc Loc (K17 HCM),621d911559c0740069d70a5f,,,,,,,,,,N2NET1806-187,,,,,A detail of design will be show after call request.,,,,,,{},,,,,,A detail of design will be show after call request.,,,,,0|i000kv:,,,,,,,,,,Unit,"1. Login with customer role
2. Go to select a design
3. Click  ""Custom"" button in the design detail page.
4. Create the requirement by selecting each steps.
5. New child design will be created when the data in tuples does not exist with the selected stones, mastergemstone, and material.",Pass,,,,,,,To Do,15/Jul/24 8:15 AM
Test Api Get a Price For Requirement,N2NET1806-273,10432,Testcase,To Do,N2NET1806,N2_NET1806_SWP,software,Nguyen Duc Hung (K17 HCM),712020:25e0fe66-7860-4789-b9c2-35f9d9a69b0c,,,Medium,,Nguyen Phuc Loc (K17 HCM),621d911559c0740069d70a5f,Nguyen Phuc Loc (K17 HCM),621d911559c0740069d70a5f,Nguyen Phuc Loc (K17 HCM),621d911559c0740069d70a5f,15/Jul/24 8:14 AM,15/Jul/24 8:27 AM,15/Jul/24 8:34 AM,,,0,Test api to get the price of the requirement,,Nguyen Phuc Loc (K17 HCM),621d911559c0740069d70a5f,,,,,,,,,,N2NET1806-188,,,,,Customers can see the price of the order,,,,,,{},,,,,,Customers can see the price on the screen.,,,,,0|i000kn:,,,,,,,,,,Unit,"1. Customer clicks on my order.
2. Click on the check order button to see the price.",Pass,,,,,,,To Do,15/Jul/24 8:14 AM
Test API Create Design,N2NET1806-272,10431,Testcase,To Do,N2NET1806,N2_NET1806_SWP,software,Nguyen Duc Hung (K17 HCM),712020:25e0fe66-7860-4789-b9c2-35f9d9a69b0c,,,Medium,,Dang Pham Xuan Loc,712020:17521cd1-2da8-4aab-967a-625281e91803,Dang Pham Xuan Loc,712020:17521cd1-2da8-4aab-967a-625281e91803,Dang Pham Xuan Loc,712020:17521cd1-2da8-4aab-967a-625281e91803,14/Jul/24 10:06 PM,14/Jul/24 10:43 PM,15/Jul/24 10:46 AM,,,0,Allows logged-in users to create a custom design,,Dang Pham Xuan Loc,712020:17521cd1-2da8-4aab-967a-625281e91803,,,,,,,,,,,14/Jul/24 10:42 PM;712020:17521cd1-2da8-4aab-967a-625281e91803;Screenshot 2024-07-14 224215.png;https://nguyenduchung.atlassian.net/rest/api/3/attachment/content/10069,14/Jul/24 10:42 PM;712020:17521cd1-2da8-4aab-967a-625281e91803;Screenshot 2024-07-14 224238.png;https://nguyenduchung.atlassian.net/rest/api/3/attachment/content/10070,14/Jul/24 10:43 PM;712020:17521cd1-2da8-4aab-967a-625281e91803;Screenshot 2024-07-14 224302.png;https://nguyenduchung.atlassian.net/rest/api/3/attachment/content/10071,,"1. The size must be in range of 14 to 20
2. The size must be in range of 14 to 20
3.  Congratulations, Your request has been sent successfully",,,,,,{},,,,,,"1. The size must be in range of 14 to 20
2. The size must be in range of 14 to 20
3.  Congratulations, Your request has been sent successfully",,,,,0|i000kf:,,,,,,,,,,System,"User click category and select a design, then select ""Custom Design"", enter test data then click ""Submit""
Category: The Archie Bold Ring


Test data 1: 
Material: Gold 18K
Size: 13

Test data 2: 
Material: Gold 18K
Size: 21

Test data 3: 
Material: Gold 18K
Size: 16
Master Gemstone
Material: Diamond
Size: 7.5
Shape: Heart
Melee Stones
Material: CZ
Size: 2
Quantity of Stones: 40",Pass,,,,,,,To Do,14/Jul/24 10:06 PM
Test API Pay Deposit,N2NET1806-271,10430,Testcase,To Do,N2NET1806,N2_NET1806_SWP,software,Nguyen Duc Hung (K17 HCM),712020:25e0fe66-7860-4789-b9c2-35f9d9a69b0c,,,Medium,,Nguyen Phuc Loc (K17 HCM),621d911559c0740069d70a5f,Nguyen Duc Hung (K17 HCM),712020:25e0fe66-7860-4789-b9c2-35f9d9a69b0c,Nguyen Phuc Loc (K17 HCM),621d911559c0740069d70a5f,14/Jul/24 9:55 PM,14/Jul/24 10:00 PM,14/Jul/24 10:02 PM,,,0,Customers use it to pay the remaining balance of the order when the order is completed.,,Nguyen Phuc Loc (K17 HCM),621d911559c0740069d70a5f,,,,,,,,,,N2NET1806-190,,,,,Successful payment notification is displayed,,,,,,{},,,,,,Show successful payment notification,,,,,0|i000k7:,,,,,,,,,,Unit,"1. Customer clicks on my orders button.
2. Click on the order in the order list.
3. Customers click on the pay deposit button and are transferred to a third party, VNPay for payment.",Pass,,,,,,,To Do,14/Jul/24 9:55 PM
Test Api Update 3d raft,N2NET1806-270,10429,Testcase,To Do,N2NET1806,N2_NET1806_SWP,software,Nguyen Duc Hung (K17 HCM),712020:25e0fe66-7860-4789-b9c2-35f9d9a69b0c,,,Medium,,Nguyen Duc Hung (K17 HCM),712020:25e0fe66-7860-4789-b9c2-35f9d9a69b0c,Nguyen Duc Hung (K17 HCM),712020:25e0fe66-7860-4789-b9c2-35f9d9a69b0c,Nguyen Duc Hung (K17 HCM),712020:25e0fe66-7860-4789-b9c2-35f9d9a69b0c,14/Jul/24 8:20 PM,14/Jul/24 8:38 PM,15/Jul/24 10:48 AM,,,0,Test API can send 3d design of product to customer,,Nguyen Duc Hung (K17 HCM),712020:25e0fe66-7860-4789-b9c2-35f9d9a69b0c,,,,,,,,,,N2NET1806-223,,,,,3D design sent to customer,,,,,,{},,,,,,3D design sent to customer,,,,,0|i000jz:,,,,,,,,,,Unit,"1. Click on the order to add 3d design.
2. Click the upload file button to send the design.",Pass,,,,,,,To Do,14/Jul/24 8:20 PM
Test API Confirm 3D Design Of Jewelry,N2NET1806-269,10428,Testcase,To Do,N2NET1806,N2_NET1806_SWP,software,Nguyen Duc Hung (K17 HCM),712020:25e0fe66-7860-4789-b9c2-35f9d9a69b0c,,,Medium,,Nguyen Ba Dat (K17 HCM),712020:f3af98ca-5b96-4356-9888-8f51afc0adba,Nguyen Ba Dat (K17 HCM),712020:f3af98ca-5b96-4356-9888-8f51afc0adba,Nguyen Ba Dat (K17 HCM),712020:f3af98ca-5b96-4356-9888-8f51afc0adba,14/Jul/24 5:57 PM,14/Jul/24 9:43 PM,15/Jul/24 10:48 AM,,,0,The Customer can accept or decline the 3D craft from Design Staff,,Nguyen Ba Dat (K17 HCM),712020:f3af98ca-5b96-4356-9888-8f51afc0adba,,,,,,,,,,N2NET1806-192,,,,,"if the customer decline, the status of requirement is -7
if the customer accept, the status of requirement is 8 ",,,,,,{},,,,,,"if the customer decline, the status of requirement is -7
if the customer accept, the status of requirement is 8 ",,,,,0|i000jr:,,,,,,,,,,,"1. The customer clicks on the cart icon
2. The program will display all their orders
3. The customer will select any order with the status 'Confirm the design'
4. Click on the 'Track order' button.""
5. The system display the 3D image 
6. The customer can click accept or decline button ",,,,,,,,To Do,14/Jul/24 5:57 PM
Test API Contact To Customer,N2NET1806-268,10427,Testcase,To Do,N2NET1806,N2_NET1806_SWP,software,Nguyen Duc Hung (K17 HCM),712020:25e0fe66-7860-4789-b9c2-35f9d9a69b0c,,,Medium,,Nguyen Phuc Loc (K17 HCM),621d911559c0740069d70a5f,Nguyen Duc Hung (K17 HCM),712020:25e0fe66-7860-4789-b9c2-35f9d9a69b0c,Nguyen Duc Hung (K17 HCM),712020:25e0fe66-7860-4789-b9c2-35f9d9a69b0c,14/Jul/24 5:46 PM,14/Jul/24 9:52 PM,15/Jul/24 8:15 AM,,,0,Test API that allows sellers to message customers to exchange information,,Nguyen Duc Hung (K17 HCM),712020:25e0fe66-7860-4789-b9c2-35f9d9a69b0c,,,,,,,,,,N2NET1806-229,,,,,Sellers and customers can message each other,,,,,,{},,,,,,Sellers and customers can message each other,,,,,0|i000jj:,,,,,,,,,,,"1. Seller select order.
2. The seller clicks the message button to message the customer.",,,,,,,,To Do,14/Jul/24 5:46 PM
Test API Send Price Request To Manager,N2NET1806-267,10426,Testcase,To Do,N2NET1806,N2_NET1806_SWP,software,Nguyen Duc Hung (K17 HCM),712020:25e0fe66-7860-4789-b9c2-35f9d9a69b0c,,,Medium,,Nguyen Duc Hung (K17 HCM),712020:25e0fe66-7860-4789-b9c2-35f9d9a69b0c,Nguyen Duc Hung (K17 HCM),712020:25e0fe66-7860-4789-b9c2-35f9d9a69b0c,Nguyen Duc Hung (K17 HCM),712020:25e0fe66-7860-4789-b9c2-35f9d9a69b0c,14/Jul/24 5:25 PM,14/Jul/24 8:39 PM,15/Jul/24 10:48 AM,,,0,Check API seller sends product quote request to manager,,Nguyen Duc Hung (K17 HCM),712020:25e0fe66-7860-4789-b9c2-35f9d9a69b0c,,,,,,,,,,N2NET1806-228,,,,,Send Quote approval success message is displayed,,,,,,{},,,,,,The Send quote approval success message is displayed.,,,,,0|i000jb:,,,,,,,,,,Unit,"1. The seller clicks on Board in the navbar.
2. Select the order in the Order is waiting for pickup table.
3. Click accept this order button.",Pass,,,,,,,To Do,14/Jul/24 5:25 PM
Test API Get a 3D Design Of Jewelry,N2NET1806-266,10425,Testcase,To Do,N2NET1806,N2_NET1806_SWP,software,Nguyen Duc Hung (K17 HCM),712020:25e0fe66-7860-4789-b9c2-35f9d9a69b0c,,,Medium,,Nguyen Ba Dat (K17 HCM),712020:f3af98ca-5b96-4356-9888-8f51afc0adba,Nguyen Ba Dat (K17 HCM),712020:f3af98ca-5b96-4356-9888-8f51afc0adba,Nguyen Ba Dat (K17 HCM),712020:f3af98ca-5b96-4356-9888-8f51afc0adba,14/Jul/24 5:13 PM,14/Jul/24 5:57 PM,15/Jul/24 10:48 AM,,,0,The Customer can check 3D design of requirement,,Nguyen Ba Dat (K17 HCM),712020:f3af98ca-5b96-4356-9888-8f51afc0adba,,,,,,,,,,N2NET1806-191,,,,,This system will show the image ,,,,,,{},,,,,,This system will show the image ,,,,,0|i000j3:,,,,,,,,,,,"1. The customer clicks on the cart icon
2. The program will display all their orders
3. The customer will select any order with the status 'Confirm the design'
4. Click on the 'Track order' button.""",,,,,,,,To Do,14/Jul/24 5:13 PM
Test API Pay The Rest,N2NET1806-265,10424,Testcase,To Do,N2NET1806,N2_NET1806_SWP,software,Nguyen Duc Hung (K17 HCM),712020:25e0fe66-7860-4789-b9c2-35f9d9a69b0c,,,Medium,,Nguyen Phuc Loc (K17 HCM),621d911559c0740069d70a5f,Nguyen Duc Hung (K17 HCM),712020:25e0fe66-7860-4789-b9c2-35f9d9a69b0c,Nguyen Duc Hung (K17 HCM),712020:25e0fe66-7860-4789-b9c2-35f9d9a69b0c,14/Jul/24 5:09 PM,14/Jul/24 9:57 PM,14/Jul/24 9:56 PM,,,0,Customers use it to pay the remaining balance of the order when the order is completed.,,Nguyen Duc Hung (K17 HCM),712020:25e0fe66-7860-4789-b9c2-35f9d9a69b0c,,,,,,,,,,N2NET1806-194,,,,,Successful payment notification is displayed,,,,,,{},,,,,,Show successful payment notification,,,,,0|i000iv:,,,,,,,,,,Unit,"1. Customer clicks on my orders button.
2. Click on the order in the order list.
3. Customers click on the pay rest button and are transferred to a third party, VNPay for payment.",Pass,,,,,,,To Do,14/Jul/24 5:09 PM
Test API View Design Details,N2NET1806-263,10422,Testcase,To Do,N2NET1806,N2_NET1806_SWP,software,Nguyen Duc Hung (K17 HCM),712020:25e0fe66-7860-4789-b9c2-35f9d9a69b0c,,,Medium,,Nguyen Ba Dat (K17 HCM),712020:f3af98ca-5b96-4356-9888-8f51afc0adba,Nguyen Ba Dat (K17 HCM),712020:f3af98ca-5b96-4356-9888-8f51afc0adba,Nguyen Ba Dat (K17 HCM),712020:f3af98ca-5b96-4356-9888-8f51afc0adba,14/Jul/24 4:52 PM,14/Jul/24 5:56 PM,15/Jul/24 10:48 AM,,,0,This API will display design detail that user choose,,Nguyen Ba Dat (K17 HCM),712020:f3af98ca-5b96-4356-9888-8f51afc0adba,,,,,,,,,,N2NET1806-184,,,,,,,,,,,{},,,,,,,,,,,0|i000if:,,,,,,,,,,,"1. The user accesses the website 
2. The user clicks on the Category item on the navbar
3. The user will click on any design they want.",,,,,,,,To Do,14/Jul/24 4:52 PM
Test API View Designs,N2NET1806-262,10421,Testcase,To Do,N2NET1806,N2_NET1806_SWP,software,Nguyen Duc Hung (K17 HCM),712020:25e0fe66-7860-4789-b9c2-35f9d9a69b0c,,,Medium,,Nguyen Ba Dat (K17 HCM),712020:f3af98ca-5b96-4356-9888-8f51afc0adba,Nguyen Ba Dat (K17 HCM),712020:f3af98ca-5b96-4356-9888-8f51afc0adba,Nguyen Ba Dat (K17 HCM),712020:f3af98ca-5b96-4356-9888-8f51afc0adba,14/Jul/24 4:40 PM,14/Jul/24 8:38 PM,15/Jul/24 10:48 AM,,,0,This API will show all design that system has,,Nguyen Ba Dat (K17 HCM),712020:f3af98ca-5b96-4356-9888-8f51afc0adba,,,,,,,,,,,,,,,Show all design the system has,,,,,,{},,,,,,Show all design the system has,,,,,0|i000i7:,,,,,,,,,,,"1. The user accesses the website 
2. The user clicks on the Category item on the navbar",,,,,,,,To Do,14/Jul/24 4:40 PM
Test API Confirm Price,N2NET1806-261,10420,Testcase,To Do,N2NET1806,N2_NET1806_SWP,software,Nguyen Duc Hung (K17 HCM),712020:25e0fe66-7860-4789-b9c2-35f9d9a69b0c,,,Medium,,Nguyen Phuc Loc (K17 HCM),621d911559c0740069d70a5f,Nguyen Duc Hung (K17 HCM),712020:25e0fe66-7860-4789-b9c2-35f9d9a69b0c,Nguyen Duc Hung (K17 HCM),712020:25e0fe66-7860-4789-b9c2-35f9d9a69b0c,14/Jul/24 4:38 PM,14/Jul/24 9:53 PM,14/Jul/24 9:51 PM,,,0,Test api customer accept price quote,,Nguyen Duc Hung (K17 HCM),712020:25e0fe66-7860-4789-b9c2-35f9d9a69b0c,,,,,,,,,,N2NET1806-189,,,,,The deposit button is displayed,,,,,,{},,,,,,Order is accepted and deposit button is displayed,,,,,0|i000hz:,,,,,,,,,,Unit,"1. Customer clicks on my orders button.
2. Click on the order in the order list.
3. Click on the track order button.
4. View the order quote and click the accept price button.",Pass,,,,,,,To Do,14/Jul/24 4:38 PM
Test API Receive Order,N2NET1806-260,10419,Testcase,To Do,N2NET1806,N2_NET1806_SWP,software,Nguyen Duc Hung (K17 HCM),712020:25e0fe66-7860-4789-b9c2-35f9d9a69b0c,,,Medium,,KhanhHGSE171330,712020:58fabc9f-37e6-4b24-a8a1-175299c155ed,KhanhHGSE171330,712020:58fabc9f-37e6-4b24-a8a1-175299c155ed,KhanhHGSE171330,712020:58fabc9f-37e6-4b24-a8a1-175299c155ed,14/Jul/24 4:12 PM,14/Jul/24 5:31 PM,15/Jul/24 10:48 AM,,,0,Test Sale recieve requirement form customer,,KhanhHGSE171330,712020:58fabc9f-37e6-4b24-a8a1-175299c155ed,,,,,,,,,,N2NET1806-227,,,,,"Message show ""Update success"" and this requirement move in ""Working on an order""",,,,,,{},,,,,,"Message show ""Update success"" and this requirement move in ""Working on an order""",,,,,0|i000hr:,,,,,,,,,,Unit,"1. Login with Sale role
2. Click Board in navbar
3. Select 1 order in Order is waiting for pickup column
4. After requirement detail showed, clock ""Accept this order""",Pass,,,,,,,To Do,14/Jul/24 4:12 PM
Test API Quote for requirement,N2NET1806-259,10418,Testcase,To Do,N2NET1806,N2_NET1806_SWP,software,Nguyen Duc Hung (K17 HCM),712020:25e0fe66-7860-4789-b9c2-35f9d9a69b0c,,,Medium,,KhanhHGSE171330,712020:58fabc9f-37e6-4b24-a8a1-175299c155ed,KhanhHGSE171330,712020:58fabc9f-37e6-4b24-a8a1-175299c155ed,KhanhHGSE171330,712020:58fabc9f-37e6-4b24-a8a1-175299c155ed,14/Jul/24 4:03 PM,14/Jul/24 5:30 PM,15/Jul/24 10:48 AM,,,0,Test manager quote for the requirement,,KhanhHGSE171330,712020:58fabc9f-37e6-4b24-a8a1-175299c155ed,,,,,,,,,,N2NET1806-222,,,,,"Message show ""Update success""",,,,,,{},,,,,,"Message show ""Update success""",,,,,0|i000hj:,,,,,,,,,,Unit,"1. Login with manager role
2. Click Price Quote in navbar
3. Select Requirement want to quote
4. Enter data in two field Material Weight (mace) and Machining Fee (VND)
5. Click ""ADD""",Pass,,,,,,,To Do,14/Jul/24 4:03 PM
Test API View list Approval Request,N2NET1806-258,10417,Testcase,To Do,N2NET1806,N2_NET1806_SWP,software,Nguyen Duc Hung (K17 HCM),712020:25e0fe66-7860-4789-b9c2-35f9d9a69b0c,,,Medium,,KhanhHGSE171330,712020:58fabc9f-37e6-4b24-a8a1-175299c155ed,KhanhHGSE171330,712020:58fabc9f-37e6-4b24-a8a1-175299c155ed,KhanhHGSE171330,712020:58fabc9f-37e6-4b24-a8a1-175299c155ed,14/Jul/24 3:56 PM,14/Jul/24 5:31 PM,15/Jul/24 10:48 AM,,,0,Manager see list approval request,,KhanhHGSE171330,712020:58fabc9f-37e6-4b24-a8a1-175299c155ed,,,,,,,,,,N2NET1806-221,,,,,List all approval request will be show in window,,,,,,{},,,,,,List all approval request will be show in window,,,,,0|i000hb:,,,,,,,,,,Unit,"1. Login with Manager role
2. Click Price Quote in navbar",Pass,,,,,,,To Do,14/Jul/24 3:56 PM
Test API Select Design,N2NET1806-257,10416,Testcase,To Do,N2NET1806,N2_NET1806_SWP,software,Nguyen Duc Hung (K17 HCM),712020:25e0fe66-7860-4789-b9c2-35f9d9a69b0c,,,Medium,,Nguyen Duc Hung (K17 HCM),712020:25e0fe66-7860-4789-b9c2-35f9d9a69b0c,Nguyen Duc Hung (K17 HCM),712020:25e0fe66-7860-4789-b9c2-35f9d9a69b0c,Nguyen Duc Hung (K17 HCM),712020:25e0fe66-7860-4789-b9c2-35f9d9a69b0c,14/Jul/24 3:55 PM,14/Jul/24 8:37 PM,15/Jul/24 10:48 AM,,,0,Test api get a design from database,,Nguyen Duc Hung (K17 HCM),712020:25e0fe66-7860-4789-b9c2-35f9d9a69b0c,,,,,,,,,,N2NET1806-186,,,,,Design information is displayed on the screen.,,,,,,{},,,,,,Detailed information of the design is returned and displayed on the screen.,,,,,0|i000h3:,,,,,,,,,,Unit,"1. The customer clicks on the collection button on the selection bar.
2. Select a design and click",Pass,,,,,,,To Do,14/Jul/24 3:55 PM
Manage account,N2NET1806-256,10415,Epic,To Do,N2NET1806,N2_NET1806_SWP,software,Nguyen Duc Hung (K17 HCM),712020:25e0fe66-7860-4789-b9c2-35f9d9a69b0c,,,Medium,,,,Nguyen Phuc Loc (K17 HCM),621d911559c0740069d70a5f,Nguyen Phuc Loc (K17 HCM),621d911559c0740069d70a5f,26/Jun/24 10:55 PM,26/Jun/24 10:57 PM,13/Jul/24 3:33 PM,,,0,,,Nguyen Phuc Loc (K17 HCM),621d911559c0740069d70a5f,,,,,,,,,,,,,,,,,,,,,{},ghx-label-7,,,Manage account,To Do,,,purple,,,0|i0000e:,,Setup,,,,,,,,,,,,,,,,,To Do,26/Jun/24 10:55 PM
Manage blog,N2NET1806-255,10414,Epic,To Do,N2NET1806,N2_NET1806_SWP,software,Nguyen Duc Hung (K17 HCM),712020:25e0fe66-7860-4789-b9c2-35f9d9a69b0c,,,Medium,,,,Nguyen Phuc Loc (K17 HCM),621d911559c0740069d70a5f,Nguyen Phuc Loc (K17 HCM),621d911559c0740069d70a5f,26/Jun/24 10:55 PM,26/Jun/24 10:57 PM,26/Jun/24 10:56 PM,,,0,,,Nguyen Phuc Loc (K17 HCM),621d911559c0740069d70a5f,,,,,,,,,,,,,,,,,,,,,{},ghx-label-7,,,Manage blog,To Do,,,purple,,,0|i0000e:i,,,,,,,,,,,,,,,,,,,To Do,26/Jun/24 10:55 PM
Manage mastergemstones,N2NET1806-254,10413,Epic,To Do,N2NET1806,N2_NET1806_SWP,software,Nguyen Duc Hung (K17 HCM),712020:25e0fe66-7860-4789-b9c2-35f9d9a69b0c,,,Medium,,,,Nguyen Phuc Loc (K17 HCM),621d911559c0740069d70a5f,Nguyen Phuc Loc (K17 HCM),621d911559c0740069d70a5f,26/Jun/24 10:54 PM,26/Jun/24 10:58 PM,26/Jun/24 10:58 PM,,,0,,,Nguyen Phuc Loc (K17 HCM),621d911559c0740069d70a5f,,,,,,,,,,,,,,,,,,,,,{},ghx-label-7,,,Manage mastergemstones,To Do,,,purple,,,0|i0000e:v,,Setup,,,,,,,,,,,,,,,,,To Do,26/Jun/24 10:54 PM
Manage stones,N2NET1806-253,10412,Epic,To Do,N2NET1806,N2_NET1806_SWP,software,Nguyen Duc Hung (K17 HCM),712020:25e0fe66-7860-4789-b9c2-35f9d9a69b0c,,,Medium,,,,Nguyen Phuc Loc (K17 HCM),621d911559c0740069d70a5f,Nguyen Phuc Loc (K17 HCM),621d911559c0740069d70a5f,26/Jun/24 10:54 PM,26/Jun/24 10:58 PM,30/Jun/24 10:26 PM,,,0,,,Nguyen Phuc Loc (K17 HCM),621d911559c0740069d70a5f,,,,,,,,,,,,,,,,,,,,,{},ghx-label-7,,,Manage stones,To Do,,,purple,,,0|i0000e:r,,Setup,,,,,,,,,,,,,,,,,To Do,26/Jun/24 10:54 PM
Manage design,N2NET1806-252,10411,Epic,To Do,N2NET1806,N2_NET1806_SWP,software,Nguyen Duc Hung (K17 HCM),712020:25e0fe66-7860-4789-b9c2-35f9d9a69b0c,,,Medium,,,,Nguyen Phuc Loc (K17 HCM),621d911559c0740069d70a5f,Nguyen Phuc Loc (K17 HCM),621d911559c0740069d70a5f,26/Jun/24 10:52 PM,26/Jun/24 10:57 PM,26/Jun/24 10:57 PM,,,0,,,Nguyen Phuc Loc (K17 HCM),621d911559c0740069d70a5f,,,,,,,,,,,,,,,,,,,,,{},ghx-label-7,,,Manage design,To Do,,,purple,,,0|i0000d:,,Setup,,,,,,,,,,,,,,,,,To Do,26/Jun/24 10:52 PM
Manage material,N2NET1806-251,10410,Epic,To Do,N2NET1806,N2_NET1806_SWP,software,Nguyen Duc Hung (K17 HCM),712020:25e0fe66-7860-4789-b9c2-35f9d9a69b0c,,,Medium,,,,Nguyen Phuc Loc (K17 HCM),621d911559c0740069d70a5f,Nguyen Phuc Loc (K17 HCM),621d911559c0740069d70a5f,26/Jun/24 10:52 PM,26/Jun/24 10:58 PM,30/Jun/24 11:19 PM,,,0,,,Nguyen Phuc Loc (K17 HCM),621d911559c0740069d70a5f,,,,,,,,,,,,,,,,,,,,,{},ghx-label-7,,,Manage material,To Do,,,purple,,,0|i0000c:,,Setup,,,,,,,,,,,,,,,,,To Do,26/Jun/24 10:52 PM
Manage type of jewellery,N2NET1806-250,10409,Epic,To Do,N2NET1806,N2_NET1806_SWP,software,Nguyen Duc Hung (K17 HCM),712020:25e0fe66-7860-4789-b9c2-35f9d9a69b0c,,,Medium,,,,Nguyen Phuc Loc (K17 HCM),621d911559c0740069d70a5f,Nguyen Phuc Loc (K17 HCM),621d911559c0740069d70a5f,26/Jun/24 10:51 PM,26/Jun/24 10:58 PM,26/Jun/24 10:58 PM,,,0,,,Nguyen Phuc Loc (K17 HCM),621d911559c0740069d70a5f,,,,,,,,,,,,,,,,,,,,,{},ghx-label-7,,,Manage type of jewellery,To Do,,,purple,,,0|i0000b:,,Setup,,,,,,,,,,,,,,,,,To Do,26/Jun/24 10:51 PM
Test Delete Design,N2NET1806-249,10408,Testcase,Done,N2NET1806,N2_NET1806_SWP,software,Nguyen Duc Hung (K17 HCM),712020:25e0fe66-7860-4789-b9c2-35f9d9a69b0c,,,Medium,Done,KhanhHGSE171330,712020:58fabc9f-37e6-4b24-a8a1-175299c155ed,KhanhHGSE171330,712020:58fabc9f-37e6-4b24-a8a1-175299c155ed,KhanhHGSE171330,712020:58fabc9f-37e6-4b24-a8a1-175299c155ed,24/Jun/24 10:42 PM,30/Jun/24 11:35 PM,15/Jul/24 10:48 AM,30/Jun/24 11:35 PM,,0,Try to delete Design with Id not exist,,KhanhHGSE171330,712020:58fabc9f-37e6-4b24-a8a1-175299c155ed,,,,,,,,,N2NET1806-205,,24/Jun/24 11:33 PM;712020:58fabc9f-37e6-4b24-a8a1-175299c155ed;DeleteDesignDataTest.csv;https://nguyenduchung.atlassian.net/rest/api/3/attachment/content/10065,24/Jun/24 11:33 PM;712020:58fabc9f-37e6-4b24-a8a1-175299c155ed;TestDeleteDesignResult.html;https://nguyenduchung.atlassian.net/rest/api/3/attachment/content/10064,,,"Message Show ""Design is not existed""",,,,,,{},,,,,,"Message Show ""Design is not existed""",,,,,0|i000gv:,,,,,,,,,,Unit,"Enter data: 
DesignId: 40",Pass,,,,10004_*:*_1_*:*_0_*|*_10003_*:*_1_*:*_521550953,,,Done,30/Jun/24 11:35 PM
Test Update Design,N2NET1806-248,10407,Testcase,Done,N2NET1806,N2_NET1806_SWP,software,Nguyen Duc Hung (K17 HCM),712020:25e0fe66-7860-4789-b9c2-35f9d9a69b0c,,,Medium,Done,KhanhHGSE171330,712020:58fabc9f-37e6-4b24-a8a1-175299c155ed,KhanhHGSE171330,712020:58fabc9f-37e6-4b24-a8a1-175299c155ed,KhanhHGSE171330,712020:58fabc9f-37e6-4b24-a8a1-175299c155ed,24/Jun/24 10:42 PM,30/Jun/24 11:35 PM,15/Jul/24 10:48 AM,30/Jun/24 11:35 PM,,0,"Try to Update design with design or master gemstone or material or type of jewelry or stone do not exist.

DesignId: 50, StoneId: 30, MasterGemstoneId: 30, MaterialId: 30, TypeOfJewelryId: 20 do not exist in database",,KhanhHGSE171330,712020:58fabc9f-37e6-4b24-a8a1-175299c155ed,,,,,,,,,N2NET1806-204,,24/Jun/24 11:18 PM;712020:58fabc9f-37e6-4b24-a8a1-175299c155ed;TestUpdateDesignResult.html;https://nguyenduchung.atlassian.net/rest/api/3/attachment/content/10063,24/Jun/24 11:18 PM;712020:58fabc9f-37e6-4b24-a8a1-175299c155ed;UpdateDesignDataTest.csv;https://nguyenduchung.atlassian.net/rest/api/3/attachment/content/10062,,,"Message Show ""Design is not existed"" or ""Stone Id is not valid"" or ""Master Gemstone Id is not valid"", ""Type of jewellry Id is not valid"", ""Material Id is not valid""",,,,,,{},,,,,,"Message Show ""Design is not existed"" or ""Stone Id is not valid"" or ""Master Gemstone Id is not valid"", ""Type of jewellry Id is not valid"", ""Material Id is not valid""",,,,,0|i000gn:,,,,,,,,,,Unit,"Enter data in field:
DesignID: 50, StoneId: 30, MasterGemstoneId: 30, MaterialId: 30, TypeOfJewelryId: 20",Pass,,,,10004_*:*_1_*:*_0_*|*_10003_*:*_1_*:*_521570709,,,Done,30/Jun/24 11:35 PM
Test Create Design,N2NET1806-247,10406,Testcase,Done,N2NET1806,N2_NET1806_SWP,software,Nguyen Duc Hung (K17 HCM),712020:25e0fe66-7860-4789-b9c2-35f9d9a69b0c,,,Medium,Done,KhanhHGSE171330,712020:58fabc9f-37e6-4b24-a8a1-175299c155ed,KhanhHGSE171330,712020:58fabc9f-37e6-4b24-a8a1-175299c155ed,KhanhHGSE171330,712020:58fabc9f-37e6-4b24-a8a1-175299c155ed,24/Jun/24 10:40 PM,30/Jun/24 11:34 PM,15/Jul/24 10:48 AM,30/Jun/24 11:34 PM,,0,"Try to create design with master gemstone or material or type of jewelry or stone do not exist.

StoneId: 30, MasterGemstoneId: 30, MaterialId: 30, TypeOfJewelryId: 20 do not exist in database",,KhanhHGSE171330,712020:58fabc9f-37e6-4b24-a8a1-175299c155ed,,,,,,,,,N2NET1806-203,,24/Jun/24 10:41 PM;712020:58fabc9f-37e6-4b24-a8a1-175299c155ed;CreateDesignDataTest.csv;https://nguyenduchung.atlassian.net/rest/api/3/attachment/content/10061,24/Jun/24 10:41 PM;712020:58fabc9f-37e6-4b24-a8a1-175299c155ed;TestResult.html;https://nguyenduchung.atlassian.net/rest/api/3/attachment/content/10060,,,"Message Show ""Stone Id is not valid"" or ""Master Gemstone Id is not valid"", ""Type of jewellry Id is not valid"", ""Material Id is not valid""",,,,,,{},,,,,,"Message Show ""Stone Id is not valid"" or ""Master Gemstone Id is not valid"", ""Type of jewellry Id is not valid"", ""Material Id is not valid""",,,,,0|i000gf:,,,,,,,,,,Unit,"Enter data in field:
StoneId: 30, MasterGemstoneId: 30, MaterialId: 30, TypeOfJewelryId: 20",Pass,,,,10004_*:*_1_*:*_0_*|*_10003_*:*_1_*:*_521640368,,,Done,30/Jun/24 11:34 PM
Test Delete Master Gemstone,N2NET1806-246,10405,Testcase,To Do,N2NET1806,N2_NET1806_SWP,software,Nguyen Duc Hung (K17 HCM),712020:25e0fe66-7860-4789-b9c2-35f9d9a69b0c,,,Medium,,Nguyen Ba Dat (K17 HCM),712020:f3af98ca-5b96-4356-9888-8f51afc0adba,Nguyen Ba Dat (K17 HCM),712020:f3af98ca-5b96-4356-9888-8f51afc0adba,Nguyen Ba Dat (K17 HCM),712020:f3af98ca-5b96-4356-9888-8f51afc0adba,23/Jun/24 10:51 AM,30/Jun/24 11:32 PM,15/Jul/24 10:48 AM,,,0,Delete the Master Gemstone have already in system,,Nguyen Ba Dat (K17 HCM),712020:f3af98ca-5b96-4356-9888-8f51afc0adba,,,,,,,,,,N2NET1806-217,23/Jun/24 10:53 AM;712020:f3af98ca-5b96-4356-9888-8f51afc0adba;TestDeleteMasterGemStone.html;https://nguyenduchung.atlassian.net/rest/api/3/attachment/content/10052,23/Jun/24 10:53 AM;712020:f3af98ca-5b96-4356-9888-8f51afc0adba;dataTestDeleteMasterGemStone.csv;https://nguyenduchung.atlassian.net/rest/api/3/attachment/content/10051,,,"1.Cannot delete this item because it is referenced by another entity
2.MasterGemstone is not existed
3.Delete Successfully",,,,,,{},,,,,,"1.Cannot delete this item because it is referenced by another entity
2.MasterGemstone is not existed
3.Delete Successfully",,,,,0|i000g7:,,,,,,,,,,Unit,"1. The admin input the Master Gemstone Id
2. The admin press ""Delete"" button",Pass,,,,,,,To Do,23/Jun/24 10:51 AM
Test Update Master Gemstone,N2NET1806-245,10404,Testcase,To Do,N2NET1806,N2_NET1806_SWP,software,Nguyen Duc Hung (K17 HCM),712020:25e0fe66-7860-4789-b9c2-35f9d9a69b0c,,,Medium,,Nguyen Ba Dat (K17 HCM),712020:f3af98ca-5b96-4356-9888-8f51afc0adba,Nguyen Ba Dat (K17 HCM),712020:f3af98ca-5b96-4356-9888-8f51afc0adba,Nguyen Ba Dat (K17 HCM),712020:f3af98ca-5b96-4356-9888-8f51afc0adba,23/Jun/24 10:50 AM,30/Jun/24 11:30 PM,15/Jul/24 10:48 AM,,,0,Update the Master Gemstone have already in system,,Nguyen Ba Dat (K17 HCM),712020:f3af98ca-5b96-4356-9888-8f51afc0adba,,,,,,,,,,N2NET1806-216,23/Jun/24 10:53 AM;712020:f3af98ca-5b96-4356-9888-8f51afc0adba;TestUpdateMasterGemStone.html;https://nguyenduchung.atlassian.net/rest/api/3/attachment/content/10049,23/Jun/24 10:53 AM;712020:f3af98ca-5b96-4356-9888-8f51afc0adba;dataTestUpdateMasterGemStone.csv;https://nguyenduchung.atlassian.net/rest/api/3/attachment/content/10050,,,"1. MasterGemstone is not existed
2.""Kind, Size, Clarity, Cut, Shape, Price, Weight value of Update Master Gemstone is same with old value""
3.Update Master Gemstone successfully",,,,,,{},,,,,,"1. MasterGemstone is not existed
2.""Kind, Size, Clarity, Cut, Shape, Price, Weight value of Update Master Gemstone is same with old value""
3.Update Master Gemstone successfully",,,,,0|i000fz:,,,,,,,,,,Unit,"1. The admin input the Master Gemstone Id
2. The admin input the field that want to update
3. The admin press ""Update"" button",Pass,,,,,,,To Do,23/Jun/24 10:50 AM
Test Create Master Gemstone,N2NET1806-244,10403,Testcase,To Do,N2NET1806,N2_NET1806_SWP,software,Nguyen Duc Hung (K17 HCM),712020:25e0fe66-7860-4789-b9c2-35f9d9a69b0c,,,Medium,,Nguyen Ba Dat (K17 HCM),712020:f3af98ca-5b96-4356-9888-8f51afc0adba,Nguyen Ba Dat (K17 HCM),712020:f3af98ca-5b96-4356-9888-8f51afc0adba,Nguyen Ba Dat (K17 HCM),712020:f3af98ca-5b96-4356-9888-8f51afc0adba,23/Jun/24 10:50 AM,30/Jun/24 11:27 PM,15/Jul/24 10:48 AM,,,0,Create a new Master Gemstone in system,,Nguyen Ba Dat (K17 HCM),712020:f3af98ca-5b96-4356-9888-8f51afc0adba,,,,,,,,,,N2NET1806-215,23/Jun/24 10:52 AM;712020:f3af98ca-5b96-4356-9888-8f51afc0adba;TestCreateMasterGemStone.html;https://nguyenduchung.atlassian.net/rest/api/3/attachment/content/10048,23/Jun/24 10:52 AM;712020:f3af98ca-5b96-4356-9888-8f51afc0adba;dataTestCreateMasterGemStone.csv;https://nguyenduchung.atlassian.net/rest/api/3/attachment/content/10047,,,"1.Kind must be not plank
2.Size must be positive number
3.Master Gemstone is existed
4.Create successfully",,,,,,{},,,,,,"1.Kind must be not plank
2.Size must be positive number
3.Master Gemstone is existed
4.Create successfully",,,,,0|i000fr:,,,,,,,,,,Unit,"1. The admin input field by testing data
2. The admin press ""Create"" button
Testing data
- Kind,Size,Price,Clarity,Cut,Weight,Shape,Image,
1. ,4,890,VVS1,EX,0.2,Round,https://encrypted-tbn0.gstatic.com/images?q=tbn:ANd9GcTpWHUscJPTURmqG413RW3IUoQFaWE_ypeDRQ&s
2.Diamond,-4,890,VVS1,EX,0.2,Round,https://encrypted-tbn0.gstatic.com/images?q=tbn:ANd9GcTpWHUscJPTURmqG413RW3IUoQFaWE_ypeDRQ&s
3.Diamond,4,890,VVS1,EX,0.2,Round,https://encrypted-tbn0.gstatic.com/images?q=tbn:ANd9GcTpWHUscJPTURmqG413RW3IUoQFaWE_ypeDRQ&s
4.Diamond,5,890,VVS1,EX,0.2,Round,https://encrypted-tbn0.gstatic.com/images?q=tbn:ANd9GcTpWHUscJPTURmqG413RW3IUoQFaWE_ypeDRQ&s",Pass,,,,,,,To Do,23/Jun/24 10:50 AM
Test Delete Stone,N2NET1806-243,10402,Testcase,Done,N2NET1806,N2_NET1806_SWP,software,Nguyen Duc Hung (K17 HCM),712020:25e0fe66-7860-4789-b9c2-35f9d9a69b0c,,,Medium,Done,KhanhHGSE171330,712020:58fabc9f-37e6-4b24-a8a1-175299c155ed,KhanhHGSE171330,712020:58fabc9f-37e6-4b24-a8a1-175299c155ed,KhanhHGSE171330,712020:58fabc9f-37e6-4b24-a8a1-175299c155ed,21/Jun/24 11:55 AM,30/Jun/24 11:34 PM,15/Jul/24 10:48 AM,30/Jun/24 11:34 PM,,0,Try to delete Stone with ID not exist,,KhanhHGSE171330,712020:58fabc9f-37e6-4b24-a8a1-175299c155ed,,,,,,,,,N2NET1806-214,,21/Jun/24 11:58 AM;712020:58fabc9f-37e6-4b24-a8a1-175299c155ed;DeleteStoneDataTest.csv;https://nguyenduchung.atlassian.net/rest/api/3/attachment/content/10045,21/Jun/24 11:58 AM;712020:58fabc9f-37e6-4b24-a8a1-175299c155ed;TestDeleteStoneResult.html;https://nguyenduchung.atlassian.net/rest/api/3/attachment/content/10046,23/Jun/24 11:20 AM;712020:58fabc9f-37e6-4b24-a8a1-175299c155ed;image-20240623-042049.png;https://nguyenduchung.atlassian.net/rest/api/3/attachment/content/10058,23/Jun/24 11:21 AM;712020:58fabc9f-37e6-4b24-a8a1-175299c155ed;image-20240623-042107.png;https://nguyenduchung.atlassian.net/rest/api/3/attachment/content/10059,"Message show ""Stones is not existed""",,,,,,{},,,,,,"Message show ""Stones is not existed""",,,,,0|i000fj:,,,,,,,,,,Unit,Enter data: StoneId: 143,Pass,,,,10004_*:*_1_*:*_0_*|*_10003_*:*_1_*:*_819497042,,,Done,30/Jun/24 11:34 PM
Test Update Stone,N2NET1806-242,10401,Testcase,Done,N2NET1806,N2_NET1806_SWP,software,Nguyen Duc Hung (K17 HCM),712020:25e0fe66-7860-4789-b9c2-35f9d9a69b0c,,,Medium,Done,KhanhHGSE171330,712020:58fabc9f-37e6-4b24-a8a1-175299c155ed,KhanhHGSE171330,712020:58fabc9f-37e6-4b24-a8a1-175299c155ed,KhanhHGSE171330,712020:58fabc9f-37e6-4b24-a8a1-175299c155ed,21/Jun/24 11:55 AM,30/Jun/24 11:34 PM,15/Jul/24 10:48 AM,30/Jun/24 11:34 PM,,0,"Try to update update size and quantity had existed.

Stone with size: 2 and quantity: 36 had exist with another id.",,KhanhHGSE171330,712020:58fabc9f-37e6-4b24-a8a1-175299c155ed,,,,,,,,,N2NET1806-213,,21/Jun/24 11:56 AM;712020:58fabc9f-37e6-4b24-a8a1-175299c155ed;TestUpdateStoneResult.html;https://nguyenduchung.atlassian.net/rest/api/3/attachment/content/10043,21/Jun/24 11:56 AM;712020:58fabc9f-37e6-4b24-a8a1-175299c155ed;UpdateStoneDataTest.csv;https://nguyenduchung.atlassian.net/rest/api/3/attachment/content/10044,23/Jun/24 11:15 AM;712020:58fabc9f-37e6-4b24-a8a1-175299c155ed;image-20240623-041551.png;https://nguyenduchung.atlassian.net/rest/api/3/attachment/content/10057,,"Message show ""Stone with this size and quantity already exists""",,,,,,{},,,,,,"Message show ""Stone with this size and quantity already exists""",,,,,0|i000fb:,,,,,,,,,,Unit,"Input data.
StoneId: 9, Kind: CZ, Size: 2, Quantity: 36, Price: 1.9	",Pass,,,,10004_*:*_1_*:*_0_*|*_10003_*:*_1_*:*_819532031,,,Done,30/Jun/24 11:34 PM
Test Create Staff ,N2NET1806-241,10400,Testcase,To Do,N2NET1806,N2_NET1806_SWP,software,Nguyen Duc Hung (K17 HCM),712020:25e0fe66-7860-4789-b9c2-35f9d9a69b0c,,,Medium,,Nguyen Duc Hung (K17 HCM),712020:25e0fe66-7860-4789-b9c2-35f9d9a69b0c,Nguyen Duc Hung (K17 HCM),712020:25e0fe66-7860-4789-b9c2-35f9d9a69b0c,Nguyen Duc Hung (K17 HCM),712020:25e0fe66-7860-4789-b9c2-35f9d9a69b0c,21/Jun/24 11:45 AM,30/Jun/24 11:04 PM,15/Jul/24 10:48 AM,,,0,"Try to create staff with email, username, password and confirm password",,Nguyen Duc Hung (K17 HCM),712020:25e0fe66-7860-4789-b9c2-35f9d9a69b0c,,,,,,,,,,N2NET1806-197,30/Jun/24 11:04 PM;712020:25e0fe66-7860-4789-b9c2-35f9d9a69b0c;test-report.html;https://nguyenduchung.atlassian.net/rest/api/3/attachment/content/10068,,,,"""email already exists"" is displayed
""username already exists"" is displayed
""confirm password is incorrect"" is displayed",,,,,,{},,,,,,"If the email already exists, the message ""email already exists"" will appear.
If the username already exists, the message ""username already exists"" will appear.
If the confirm password field is not the same as the password, the message ""confirm password is incorrect"" appears.",,,,,0|i000f3:,,,,,,,,,,Unit,"1:
Click email input field
Enter an existing email
Fill in all remaining fields
2:
Click username input field
Enter an existing username
Fill in all remaining fields
3:
Click password input field
Enter password
Click confirm password field
Enter data that does not match the password",Pass,,,,,,,To Do,21/Jun/24 11:45 AM
Delete types of jewellery,N2NET1806-240,10399,Testcase,To Do,N2NET1806,N2_NET1806_SWP,software,Nguyen Duc Hung (K17 HCM),712020:25e0fe66-7860-4789-b9c2-35f9d9a69b0c,,,Medium,,Nguyen Phuc Loc (K17 HCM),621d911559c0740069d70a5f,Nguyen Phuc Loc (K17 HCM),621d911559c0740069d70a5f,Nguyen Phuc Loc (K17 HCM),621d911559c0740069d70a5f,20/Jun/24 9:12 PM,30/Jun/24 11:19 PM,30/Jun/24 11:19 PM,,,0,,,Nguyen Phuc Loc (K17 HCM),621d911559c0740069d70a5f,,,,,,,,,,N2NET1806-220,20/Jun/24 9:12 PM;621d911559c0740069d70a5f;TestResultJewelleryDelete.html;https://nguyenduchung.atlassian.net/rest/api/3/attachment/content/10038,20/Jun/24 9:12 PM;621d911559c0740069d70a5f;dataTestTypeOfJewelleryDelete.csv;https://nguyenduchung.atlassian.net/rest/api/3/attachment/content/10039,,,"100,Invalid Type Of Jewellery id to Delete
29,Delete Successfully
1,Cannot delete this item because it is referenced by another entity.",,,,,,{},,,,,,"In error case: 
Message will show ""Cannot delete this item because it is referenced by another entity"" when user trying to delete a tuple that exist in another table as a foreign key.
Message will show ""Invalid type of jewellery id to Delete"" when user enter a wrong id to Delete.
In successful case:
Message will show ""Delete successfully"".",,,,,0|i000ev:,,,,,,,,,,Unit,"Import the data from csv file and run unit test script in visual studio.
Test each case:
100,Invalid Type Of Jewellery id to Delete
29,Delete Successfully
1,Cannot delete this item because it is referenced by another entity.",Pass,,,,,,,To Do,20/Jun/24 9:12 PM
Test Update types of jewellery,N2NET1806-239,10398,Testcase,To Do,N2NET1806,N2_NET1806_SWP,software,Nguyen Duc Hung (K17 HCM),712020:25e0fe66-7860-4789-b9c2-35f9d9a69b0c,,,Medium,,Nguyen Phuc Loc (K17 HCM),621d911559c0740069d70a5f,Nguyen Phuc Loc (K17 HCM),621d911559c0740069d70a5f,Nguyen Phuc Loc (K17 HCM),621d911559c0740069d70a5f,20/Jun/24 9:01 PM,30/Jun/24 11:15 PM,30/Jun/24 11:24 PM,,,0,"To verify the information that users want to manage, CRUD can be used to manage the type of jewelry to meet business requirements.",,Nguyen Phuc Loc (K17 HCM),621d911559c0740069d70a5f,,,,,,,,,,N2NET1806-219,20/Jun/24 9:03 PM;621d911559c0740069d70a5f;TestResultJewelleryUpdate.html;https://nguyenduchung.atlassian.net/rest/api/3/attachment/content/10037,20/Jun/24 9:03 PM;621d911559c0740069d70a5f;dataTestTypeOfJewelleryUpdate.csv;https://nguyenduchung.atlassian.net/rest/api/3/attachment/content/10036,,,"28,Ring,hinhanh123.jpg,Duplicate type of jewellery name for update
28,Trang suc update,hinhanh123.jpg,Update successfully
100,Trang suc update2,hinhanh12.jpg,Invalid type of jewellery id to update",,,,,,{},,,,,,"In error case: 
Message will show ""Duplicate name to update"" when user trying to update a name in the tuple that have a same name as tuple in type of jewellery table.
Message will show ""Invalid type of jewellery id to update"" when user enter a wrong id to update.
In successful case:
Message will show ""Update successfully"".",,,,,0|i000en:,,,,,,,,,,Unit,"Import the data from csv file and run unit test script in visual studio.
Test each case:
28,Ring,hinhanh123.jpg,Duplicate type of jewellery name for update
28,Trang suc update,hinhanh123.jpg,Update successfully
100,Trang suc update2,hinhanh12.jpg,Invalid type of jewellery id to update",Pass,,,,,,,To Do,20/Jun/24 9:04 PM
Test Delete Material,N2NET1806-238,10397,Testcase,To Do,N2NET1806,N2_NET1806_SWP,software,Nguyen Duc Hung (K17 HCM),712020:25e0fe66-7860-4789-b9c2-35f9d9a69b0c,,,Medium,,Nguyen Phuc Loc (K17 HCM),621d911559c0740069d70a5f,Nguyen Phuc Loc (K17 HCM),621d911559c0740069d70a5f,Nguyen Phuc Loc (K17 HCM),621d911559c0740069d70a5f,20/Jun/24 8:33 PM,30/Jun/24 11:37 PM,30/Jun/24 11:33 PM,,,0,"To verify the information that users want to manage, CRUD can be used to manage the material to meet business requirements.",,Nguyen Phuc Loc (K17 HCM),621d911559c0740069d70a5f,,,,,,,,,,N2NET1806-211,20/Jun/24 8:34 PM;621d911559c0740069d70a5f;TestResultMaterialDelete.html;https://nguyenduchung.atlassian.net/rest/api/3/attachment/content/10034,20/Jun/24 8:35 PM;621d911559c0740069d70a5f;dataTestMaterialDelete.csv;https://nguyenduchung.atlassian.net/rest/api/3/attachment/content/10035,,,"100,Invalid material id to Delete
21,Delete Successfully
1,Cannot delete this item because it is referenced by another entity.",,,,,,{},,,,,,"In error case: 
Message will show ""Cannot delete this item because it is referenced by another entity"" when user trying to delete the tuple existing in another table as a foreign key.
Message will show ""Invalid material id to delete"" when user enter a wrong id to update.
In successful case:
Message will show ""Delete successfully"".",,,,,0|i000ef:,,,,,,,,,,Unit,"Import the data from csv file and run unit test script in visual studio.
Test each case:
100,Invalid material id to Delete
21,Delete Successfully
1,Cannot delete this item because it is referenced by another entity.",Pass,,,,,,,To Do,20/Jun/24 8:33 PM
Test Update Material,N2NET1806-237,10396,Testcase,To Do,N2NET1806,N2_NET1806_SWP,software,Nguyen Duc Hung (K17 HCM),712020:25e0fe66-7860-4789-b9c2-35f9d9a69b0c,,,Medium,,Nguyen Phuc Loc (K17 HCM),621d911559c0740069d70a5f,Nguyen Phuc Loc (K17 HCM),621d911559c0740069d70a5f,Nguyen Phuc Loc (K17 HCM),621d911559c0740069d70a5f,20/Jun/24 7:55 PM,30/Jun/24 11:29 PM,01/Jul/24 12:30 AM,,,0,"To verify the information that users want to manage, CRUD can be used to manage the material to meet business requirements.",,,,,,,,,,,,,N2NET1806-210,20/Jun/24 8:23 PM;621d911559c0740069d70a5f;TestResultMaterialUpdate.html;https://nguyenduchung.atlassian.net/rest/api/3/attachment/content/10033,20/Jun/24 8:23 PM;621d911559c0740069d70a5f;dataTestMaterialUpdate.csv;https://nguyenduchung.atlassian.net/rest/api/3/attachment/content/10032,,,"20,Gold 14K,303.23,hinhanh12.jpg,3,Duplicate material name for update
20,Silver 24k,305.23,hinhanh12.jpg,3,Update successfully
20,Silver 54k,305.23,hinhanh12.jpg,1,Invalid access role to update
100,Silver 84k,308.23,hinhanh12.jpg,3,Invalid material id to update",,,,,,{},,,,,,"In error case: 
Message will show ""Duplicate name to update"" when user trying to update a name in the tuple that have a same name as tuple in material name table.
Message will show ""Invalid access role to update"" when user don't have permission to update.
Message will show ""Invalid material id to update"" when user enter a wrong id to update.
In successful case:
Message will show ""Update successfully"".",,,,,0|i000e7:,,,,,,,,,,Unit,"Import the data from csv file and run unit test script in visual studio.
Test each case:
20,Gold 14K,303.23,hinhanh12.jpg,3,Duplicate material name for update
20,Silver 24k,305.23,hinhanh12.jpg,3,Update successfully
20,Silver 54k,305.23,hinhanh12.jpg,1,Invalid access role to update
100,Silver 84k,308.23,hinhanh12.jpg,3,Invalid material id to update",Pass,,,,,,,To Do,20/Jun/24 7:55 PM
Test Create Type Of Jewellery,N2NET1806-236,10395,Testcase,To Do,N2NET1806,N2_NET1806_SWP,software,Nguyen Duc Hung (K17 HCM),712020:25e0fe66-7860-4789-b9c2-35f9d9a69b0c,,,Medium,,Nguyen Phuc Loc (K17 HCM),621d911559c0740069d70a5f,Nguyen Phuc Loc (K17 HCM),621d911559c0740069d70a5f,Nguyen Phuc Loc (K17 HCM),621d911559c0740069d70a5f,19/Jun/24 10:07 PM,30/Jun/24 11:07 PM,30/Jun/24 10:53 PM,,,0,"To verify the information that users want to manage, CRUD can be used to manage the type of jewelry to meet business requirements.",,,,,,,,,,,,,N2NET1806-218,20/Jun/24 11:06 AM;621d911559c0740069d70a5f;TestResultTypeOfJewellery.html;https://nguyenduchung.atlassian.net/rest/api/3/attachment/content/10026,20/Jun/24 11:07 AM;621d911559c0740069d70a5f;dataTestTypeOfJewellery.csv;https://nguyenduchung.atlassian.net/rest/api/3/attachment/content/10027,,,"In error case: 
Message will show ""Duplicate name to create"" when user trying to create a new tuple that have a same name as tuple in type of jewellery table.
Message will show ""Failed to create"" when user lack of input data to field.
In successful case:
Message will show ""Create successfully"".",,,,,,{},,,,,,"Message show ""Duplicate name to create"" when user input the same name as one of the existing type of jewellery typles.",,,,,0|i000dz:,,,,,,,,,,Unit,"Import the data from csv file and run unit test script in visual studio.
Test each case:
Nhan,hinhanh13.jpg,Create successful -> checking basic create in type of jewellery.
Nhan,hinhanh13.jpg,Duplicate name to create -> this case to validate user when creating another type of jewellery have the same attribute like old tuples.",Pass,,,,,,,To Do,19/Jun/24 10:07 PM
Test Create Material,N2NET1806-235,10394,Testcase,To Do,N2NET1806,N2_NET1806_SWP,software,Nguyen Duc Hung (K17 HCM),712020:25e0fe66-7860-4789-b9c2-35f9d9a69b0c,,,Medium,,Nguyen Phuc Loc (K17 HCM),621d911559c0740069d70a5f,Nguyen Phuc Loc (K17 HCM),621d911559c0740069d70a5f,Nguyen Phuc Loc (K17 HCM),621d911559c0740069d70a5f,19/Jun/24 8:56 PM,01/Jul/24 12:30 AM,01/Jul/24 12:28 AM,,,0,"To verify the information that users want to manage, CRUD can be used to manage the material to meet business requirements.",,,,,,,,,,,,,N2NET1806-209,20/Jun/24 11:16 AM;621d911559c0740069d70a5f;TestResultMaterialCreate.html;https://nguyenduchung.atlassian.net/rest/api/3/attachment/content/10029,20/Jun/24 11:16 AM;621d911559c0740069d70a5f;dataTestMaterial.csv;https://nguyenduchung.atlassian.net/rest/api/3/attachment/content/10028,,,"Silver 18k,303.23,hinhanh12.jpg,3,Create successfully
Gold 100k,500,hinhanh13.jpg,1,Manager id is not valid
Silver 18k,500,hinhanh13.jpg,3,Duplicate name to create",,,,,,{},,,,,,"In error case: 
Message will show ""Manager id is not valid"" when user trying to create without permission by role
Message will show ""Duplicate name"" when user enter a duplicate name like name of the existing tuple.
In successful case:
Message will show ""Create successfully"".",,,,,0|i000dr:,,,,,,,,,,Unit,"Import the data from csv file and run unit test script in visual studio.
Test each case:
Silver 18k,303.23,hinhanh12.jpg,3,Create successfully
Gold 100k,500,hinhanh13.jpg,1,Manager id is not valid
Silver 18k,500,hinhanh13.jpg,3,Duplicate name to create",Pass,,,,,,,To Do,19/Jun/24 8:56 PM
Test Create Stone,N2NET1806-234,10393,Testcase,Done,N2NET1806,N2_NET1806_SWP,software,Nguyen Duc Hung (K17 HCM),712020:25e0fe66-7860-4789-b9c2-35f9d9a69b0c,,,Medium,Done,KhanhHGSE171330,712020:58fabc9f-37e6-4b24-a8a1-175299c155ed,KhanhHGSE171330,712020:58fabc9f-37e6-4b24-a8a1-175299c155ed,KhanhHGSE171330,712020:58fabc9f-37e6-4b24-a8a1-175299c155ed,19/Jun/24 8:53 PM,30/Jun/24 11:34 PM,30/Jun/24 10:27 PM,30/Jun/24 11:34 PM,,0,Try to create stone with size and quantity had existed. Stone with size: 3 and quantity: 40 had existed in database,,KhanhHGSE171330,712020:58fabc9f-37e6-4b24-a8a1-175299c155ed,,,,,,,,,,N2NET1806-212,21/Jun/24 11:55 AM;712020:58fabc9f-37e6-4b24-a8a1-175299c155ed;StonesDataTest.csv;https://nguyenduchung.atlassian.net/rest/api/3/attachment/content/10041,21/Jun/24 11:55 AM;712020:58fabc9f-37e6-4b24-a8a1-175299c155ed;TestCreateStoneResult.html;https://nguyenduchung.atlassian.net/rest/api/3/attachment/content/10042,23/Jun/24 11:11 AM;712020:58fabc9f-37e6-4b24-a8a1-175299c155ed;image-20240623-041147.png;https://nguyenduchung.atlassian.net/rest/api/3/attachment/content/10055,23/Jun/24 11:12 AM;712020:58fabc9f-37e6-4b24-a8a1-175299c155ed;image-20240623-041256.png;https://nguyenduchung.atlassian.net/rest/api/3/attachment/content/10056,"Message show ""Stone with this size and quantity had existed""",,,,,,{},,,,,,"Message show ""Stone with this size and quantity had existed""",,,,,0|i000dj:,,,,,,,,,,Unit,"1. Enter data
Kind: CZ,	size: 3, Quantity: 40, price: 2.3",Pass,,,,10004_*:*_1_*:*_0_*|*_10003_*:*_1_*:*_960089011,,,Done,30/Jun/24 11:34 PM
Test Create Blog,N2NET1806-233,10392,Testcase,To Do,N2NET1806,N2_NET1806_SWP,software,Nguyen Duc Hung (K17 HCM),712020:25e0fe66-7860-4789-b9c2-35f9d9a69b0c,,,Medium,,Nguyen Duc Hung (K17 HCM),712020:25e0fe66-7860-4789-b9c2-35f9d9a69b0c,Nguyen Duc Hung (K17 HCM),712020:25e0fe66-7860-4789-b9c2-35f9d9a69b0c,Nguyen Duc Hung (K17 HCM),712020:25e0fe66-7860-4789-b9c2-35f9d9a69b0c,19/Jun/24 7:45 PM,30/Jun/24 11:04 PM,15/Jul/24 10:48 AM,,,0,Try to create blog with title blog already exists and not exists,,Nguyen Duc Hung (K17 HCM),712020:25e0fe66-7860-4789-b9c2-35f9d9a69b0c,,,,,,,,,,N2NET1806-206,30/Jun/24 11:04 PM;712020:25e0fe66-7860-4789-b9c2-35f9d9a69b0c;test-report.html;https://nguyenduchung.atlassian.net/rest/api/3/attachment/content/10067,,,,"""title already exists"" is displayed",,,,,,{},,,,,,"If the blog post title already exists, an error message ""title already exists"" should be displayed.",,,,,0|i000db:,,,,,,,,,,Unit,"1:
Click on the title field
Enter an existing title
Click create blog button
2:
Click on the title field
Enter a title that does not exist yet
Click create blog button",Pass,,,,,,,To Do,19/Jun/24 7:45 PM
Test Edit Profile,N2NET1806-232,10391,Testcase,To Do,N2NET1806,N2_NET1806_SWP,software,Nguyen Duc Hung (K17 HCM),712020:25e0fe66-7860-4789-b9c2-35f9d9a69b0c,,,Medium,,,,Nguyen Ba Dat (K17 HCM),712020:f3af98ca-5b96-4356-9888-8f51afc0adba,Nguyen Ba Dat (K17 HCM),712020:f3af98ca-5b96-4356-9888-8f51afc0adba,19/Jun/24 3:19 PM,19/Jun/24 3:22 PM,14/Jul/24 10:00 PM,,,0,,,Nguyen Ba Dat (K17 HCM),712020:f3af98ca-5b96-4356-9888-8f51afc0adba,,,,,,,,,,N2NET1806-196,19/Jun/24 3:22 PM;712020:f3af98ca-5b96-4356-9888-8f51afc0adba;TestEditProfile.html;https://nguyenduchung.atlassian.net/rest/api/3/attachment/content/10015,19/Jun/24 3:22 PM;712020:f3af98ca-5b96-4356-9888-8f51afc0adba;dataTestEditProfile.csv;https://nguyenduchung.atlassian.net/rest/api/3/attachment/content/10016,,,,,,,,,{},,,,,,,,,,,0|i000d3:,,,,,,,,,,Unit,,Pass,,,,,,,To Do,19/Jun/24 3:19 PM
Test login for customer and staff,N2NET1806-231,10390,Testcase,To Do,N2NET1806,N2_NET1806_SWP,software,Nguyen Duc Hung (K17 HCM),712020:25e0fe66-7860-4789-b9c2-35f9d9a69b0c,,,Medium,,Nguyen Ba Dat (K17 HCM),712020:f3af98ca-5b96-4356-9888-8f51afc0adba,Nguyen Ba Dat (K17 HCM),712020:f3af98ca-5b96-4356-9888-8f51afc0adba,Nguyen Ba Dat (K17 HCM),712020:f3af98ca-5b96-4356-9888-8f51afc0adba,19/Jun/24 10:36 AM,30/Jun/24 11:22 PM,15/Jul/24 10:48 AM,,,0,This function allows users to authenticate,,Nguyen Ba Dat (K17 HCM),712020:f3af98ca-5b96-4356-9888-8f51afc0adba,,,,,,,,,,N2NET1806-179,19/Jun/24 10:38 AM;712020:f3af98ca-5b96-4356-9888-8f51afc0adba;TestLoginForCustomer.html;https://nguyenduchung.atlassian.net/rest/api/3/attachment/content/10013,19/Jun/24 10:38 AM;712020:f3af98ca-5b96-4356-9888-8f51afc0adba;TestLoginForStaff.html;https://nguyenduchung.atlassian.net/rest/api/3/attachment/content/10014,19/Jun/24 10:38 AM;712020:f3af98ca-5b96-4356-9888-8f51afc0adba;dataTestLoginForCustomer.csv;https://nguyenduchung.atlassian.net/rest/api/3/attachment/content/10012,19/Jun/24 10:38 AM;712020:f3af98ca-5b96-4356-9888-8f51afc0adba;dataTestLoginForStaff.csv;https://nguyenduchung.atlassian.net/rest/api/3/attachment/content/10011,"For customer: 
1.Login Successfully
2.Invalid Username
3.Password incorrect
4.You do not have permission to access this page
For staff
1.Login Successfully
2.Invalid Username
3.Password incorrect
4.You do not have permission to access this page",,,,,,{},,,,,,"For customer: 
1.Login Successfully
2.Invalid Username
3.Password incorrect
4.You do not have permission to access this page
For staff
1.Login Successfully
2.Invalid Username
3.Password incorrect
4.You do not have permission to access this page",,,,,0|i000cv:,,,,,,,,,,Unit,"1. The user input testing data 
2. Press ""Sign up"" button
Testing data 
- For customer: 
Username,Password,Role
1.Dat,123,Customer
2.BaDat,123,Customer 
3.Dat,123456,Customer
4.PhucLok,phucloc123!!@@,Staff
- For staff: 
Username,Password,Role
1.PhucLok,phucloc123!!@@,Staff
2.badat,phucloc123!!@@,Staff
3.PhucLok,badat,Staff
4.Dat,123,Customer ",Pass,,,,,,,To Do,19/Jun/24 10:36 AM
Test Register function,N2NET1806-230,10389,Testcase,To Do,N2NET1806,N2_NET1806_SWP,software,Nguyen Duc Hung (K17 HCM),712020:25e0fe66-7860-4789-b9c2-35f9d9a69b0c,,,Medium,,Nguyen Ba Dat (K17 HCM),712020:f3af98ca-5b96-4356-9888-8f51afc0adba,Nguyen Ba Dat (K17 HCM),712020:f3af98ca-5b96-4356-9888-8f51afc0adba,Nguyen Ba Dat (K17 HCM),712020:f3af98ca-5b96-4356-9888-8f51afc0adba,17/Jun/24 11:31 AM,30/Jun/24 11:14 PM,15/Jul/24 10:48 AM,,,0,The function allows guest to create new account to assign the system,,Nguyen Ba Dat (K17 HCM),712020:f3af98ca-5b96-4356-9888-8f51afc0adba,,,,,,,,,,N2NET1806-180,23/Jun/24 10:56 AM;712020:f3af98ca-5b96-4356-9888-8f51afc0adba;TestRegister.html;https://nguyenduchung.atlassian.net/rest/api/3/attachment/content/10053,23/Jun/24 10:56 AM;712020:f3af98ca-5b96-4356-9888-8f51afc0adba;dataTestRegist.csv;https://nguyenduchung.atlassian.net/rest/api/3/attachment/content/10054,,,"1.Username is existed
2.PasswordConfirm is not correct
3.Email has already been registered
4.Please check email to verify your email",,,,,,{},,,,,,"1.Username is existed
2.PasswordConfirm is not correct
3.Email has already been registered
4.Please check email to verify your email",,,,,0|i000cn:,,,,,,,,,,Unit,"1. The user input testing data
2. The user press ""Register"" button
Testing data
Username,Email,Password,PasswordConfirm
1.Dat,Badat@gmail.com,123,123
2.Badat,Badat@gmail.com,123,1234
3.Badat,bmbadat2234@gmail.com,123,123
4.Badat,nguyenbadat2234@gmail.com,123,123",Pass,,,,,,,To Do,17/Jun/24 11:31 AM
UC51 - Contact with customer,N2NET1806-229,10388,Story,Done,N2NET1806,N2_NET1806_SWP,software,Nguyen Duc Hung (K17 HCM),712020:25e0fe66-7860-4789-b9c2-35f9d9a69b0c,,,Medium,Done,Nguyen Phuc Loc (K17 HCM),621d911559c0740069d70a5f,KhanhHGSE171330,712020:58fabc9f-37e6-4b24-a8a1-175299c155ed,KhanhHGSE171330,712020:58fabc9f-37e6-4b24-a8a1-175299c155ed,16/Jun/24 4:04 PM,14/Jul/24 9:52 PM,14/Jul/24 9:52 PM,14/Jul/24 9:52 PM,,0,Contact with customer,,KhanhHGSE171330,712020:58fabc9f-37e6-4b24-a8a1-175299c155ed,,,,,,,,,N2NET1806-268,,,,,,,,,,,,{},,N2NET1806-176,Update requirement status,,,,,,,,0|i000cf:,,BussinessFlow,,,,,,,,,,,,,,10004_*:*_1_*:*_0_*|*_10003_*:*_1_*:*_2440123410,10233,Update requirement status,Done,14/Jul/24 9:52 PM
UC50 - Send Price Request to Manager,N2NET1806-228,10387,Story,Done,N2NET1806,N2_NET1806_SWP,software,Nguyen Duc Hung (K17 HCM),712020:25e0fe66-7860-4789-b9c2-35f9d9a69b0c,,,Medium,Done,Nguyen Duc Hung (K17 HCM),712020:25e0fe66-7860-4789-b9c2-35f9d9a69b0c,KhanhHGSE171330,712020:58fabc9f-37e6-4b24-a8a1-175299c155ed,KhanhHGSE171330,712020:58fabc9f-37e6-4b24-a8a1-175299c155ed,16/Jun/24 4:04 PM,14/Jul/24 8:40 PM,13/Jul/24 3:33 PM,14/Jul/24 8:40 PM,,0,Send Price Request to Manager,,KhanhHGSE171330,712020:58fabc9f-37e6-4b24-a8a1-175299c155ed,,,,,,,,,N2NET1806-267,,,,,,,,,,,,{},,N2NET1806-176,Update requirement status,,,,,,,,0|i000c7:,,BussinessFlow,,,,,,,,,,,,,,10004_*:*_1_*:*_0_*|*_10003_*:*_1_*:*_2435761264,10233,Update requirement status,Done,14/Jul/24 8:40 PM
UC49 - Receive Order,N2NET1806-227,10386,Story,Done,N2NET1806,N2_NET1806_SWP,software,Nguyen Duc Hung (K17 HCM),712020:25e0fe66-7860-4789-b9c2-35f9d9a69b0c,,,Medium,Done,KhanhHGSE171330,712020:58fabc9f-37e6-4b24-a8a1-175299c155ed,KhanhHGSE171330,712020:58fabc9f-37e6-4b24-a8a1-175299c155ed,KhanhHGSE171330,712020:58fabc9f-37e6-4b24-a8a1-175299c155ed,16/Jun/24 4:04 PM,14/Jul/24 6:00 PM,15/Jul/24 10:48 AM,14/Jul/24 6:00 PM,,0,Receive Order,,KhanhHGSE171330,712020:58fabc9f-37e6-4b24-a8a1-175299c155ed,,,,,,,,,N2NET1806-260,,,,,,,,,,,,{},,N2NET1806-176,Update requirement status,,,,,,,,0|i000bz:,,BussinessFlow,,,,,,,,,,,,,,10004_*:*_1_*:*_0_*|*_10003_*:*_1_*:*_2426209123,10233,Update requirement status,Done,14/Jul/24 6:00 PM
UC45 - Update 3d raft,N2NET1806-223,10382,Story,Done,N2NET1806,N2_NET1806_SWP,software,Nguyen Duc Hung (K17 HCM),712020:25e0fe66-7860-4789-b9c2-35f9d9a69b0c,,,Medium,Done,Nguyen Duc Hung (K17 HCM),712020:25e0fe66-7860-4789-b9c2-35f9d9a69b0c,KhanhHGSE171330,712020:58fabc9f-37e6-4b24-a8a1-175299c155ed,KhanhHGSE171330,712020:58fabc9f-37e6-4b24-a8a1-175299c155ed,16/Jun/24 4:03 PM,14/Jul/24 8:39 PM,15/Jul/24 10:48 AM,14/Jul/24 8:39 PM,,0,Update 3d raft,,KhanhHGSE171330,712020:58fabc9f-37e6-4b24-a8a1-175299c155ed,,,,,,,,,N2NET1806-270,,,,,,,,,,,,{},,N2NET1806-176,Update requirement status,,,,,,,,0|i000b3:,,BussinessFlow,,,,,,,,,,,,,,10004_*:*_1_*:*_0_*|*_10003_*:*_1_*:*_2435736134,10233,Update requirement status,Done,14/Jul/24 8:39 PM
UC44 - Quote for requirement,N2NET1806-222,10381,Story,Done,N2NET1806,N2_NET1806_SWP,software,Nguyen Duc Hung (K17 HCM),712020:25e0fe66-7860-4789-b9c2-35f9d9a69b0c,,,Medium,Done,KhanhHGSE171330,712020:58fabc9f-37e6-4b24-a8a1-175299c155ed,KhanhHGSE171330,712020:58fabc9f-37e6-4b24-a8a1-175299c155ed,KhanhHGSE171330,712020:58fabc9f-37e6-4b24-a8a1-175299c155ed,16/Jun/24 4:03 PM,14/Jul/24 6:00 PM,15/Jul/24 10:48 AM,14/Jul/24 6:00 PM,,0,Quote for requirement,,KhanhHGSE171330,712020:58fabc9f-37e6-4b24-a8a1-175299c155ed,,,,,,,,,N2NET1806-259,,,,,,,,,,,,{},,N2NET1806-176,Update requirement status,,,,,,,,0|i000av:,,BussinessFlow,,,,,,,,,,,,,,10004_*:*_1_*:*_0_*|*_10003_*:*_1_*:*_2426207611,10233,Update requirement status,Done,14/Jul/24 6:00 PM
UC43 - View list Approval Request,N2NET1806-221,10380,Story,Done,N2NET1806,N2_NET1806_SWP,software,Nguyen Duc Hung (K17 HCM),712020:25e0fe66-7860-4789-b9c2-35f9d9a69b0c,,,Medium,Done,KhanhHGSE171330,712020:58fabc9f-37e6-4b24-a8a1-175299c155ed,KhanhHGSE171330,712020:58fabc9f-37e6-4b24-a8a1-175299c155ed,KhanhHGSE171330,712020:58fabc9f-37e6-4b24-a8a1-175299c155ed,16/Jun/24 4:03 PM,14/Jul/24 6:00 PM,15/Jul/24 10:48 AM,14/Jul/24 6:00 PM,,0,View list Approval Request,,KhanhHGSE171330,712020:58fabc9f-37e6-4b24-a8a1-175299c155ed,,,,,,,,,N2NET1806-258,,,,,,,,,,,,{},,N2NET1806-176,Update requirement status,,,,,,,,0|i000an:,,BussinessFlow,,,,,,,,,,,,,,10004_*:*_1_*:*_0_*|*_10003_*:*_1_*:*_2426205376,10233,Update requirement status,Done,14/Jul/24 6:00 PM
UC42 - Delete types of jewellery,N2NET1806-220,10379,Story,Done,N2NET1806,N2_NET1806_SWP,software,Nguyen Duc Hung (K17 HCM),712020:25e0fe66-7860-4789-b9c2-35f9d9a69b0c,,,Medium,Done,Nguyen Phuc Loc (K17 HCM),621d911559c0740069d70a5f,KhanhHGSE171330,712020:58fabc9f-37e6-4b24-a8a1-175299c155ed,KhanhHGSE171330,712020:58fabc9f-37e6-4b24-a8a1-175299c155ed,16/Jun/24 4:03 PM,26/Jun/24 10:51 PM,30/Jun/24 11:15 PM,20/Jun/24 9:12 PM,,0,Delete types of jewellery,,KhanhHGSE171330,712020:58fabc9f-37e6-4b24-a8a1-175299c155ed,,,,,,,,,N2NET1806-240,,,,,,,,,,,,{},,N2NET1806-250,Manage type of jewellery,,,,,,,,0|i0005q:zzxr,,Setup,,,,,,,,,,,,,,10004_*:*_1_*:*_0_*|*_10003_*:*_1_*:*_364141167,10409,Manage type of jewellery,Done,20/Jun/24 9:12 PM
UC41 - Update types of jewellery,N2NET1806-219,10378,Story,Done,N2NET1806,N2_NET1806_SWP,software,Nguyen Duc Hung (K17 HCM),712020:25e0fe66-7860-4789-b9c2-35f9d9a69b0c,,,Medium,Done,Nguyen Phuc Loc (K17 HCM),621d911559c0740069d70a5f,KhanhHGSE171330,712020:58fabc9f-37e6-4b24-a8a1-175299c155ed,KhanhHGSE171330,712020:58fabc9f-37e6-4b24-a8a1-175299c155ed,16/Jun/24 4:03 PM,26/Jun/24 10:51 PM,30/Jun/24 11:23 PM,20/Jun/24 9:04 PM,,0,Update types of jewellery,,KhanhHGSE171330,712020:58fabc9f-37e6-4b24-a8a1-175299c155ed,,,,,,,,,N2NET1806-239,,,,,,,,,,,,{},,N2NET1806-250,Manage type of jewellery,,,,,,,,0|i0005q:zzxi,,Setup,,,,,,,,,,,,,,10004_*:*_1_*:*_0_*|*_10003_*:*_1_*:*_363633651,10409,Manage type of jewellery,Done,20/Jun/24 9:04 PM
UC40 - Create types of jewellery,N2NET1806-218,10377,Story,Done,N2NET1806,N2_NET1806_SWP,software,Nguyen Duc Hung (K17 HCM),712020:25e0fe66-7860-4789-b9c2-35f9d9a69b0c,,,Medium,Done,Nguyen Phuc Loc (K17 HCM),621d911559c0740069d70a5f,KhanhHGSE171330,712020:58fabc9f-37e6-4b24-a8a1-175299c155ed,KhanhHGSE171330,712020:58fabc9f-37e6-4b24-a8a1-175299c155ed,16/Jun/24 4:03 PM,26/Jun/24 10:51 PM,30/Jun/24 10:53 PM,19/Jun/24 10:08 PM,,0,Create types of jewellery,,KhanhHGSE171330,712020:58fabc9f-37e6-4b24-a8a1-175299c155ed,,,,,,,,,N2NET1806-236,,,,,,,,,,,,{},,N2NET1806-250,Manage type of jewellery,,,,,,,,0|i0005q:zzy,,Setup,,,,,,,,,,,,,,10004_*:*_1_*:*_0_*|*_10003_*:*_1_*:*_281088348,10409,Manage type of jewellery,Done,19/Jun/24 10:08 PM
UC39 - Delete MasterGemStones,N2NET1806-217,10376,Story,Done,N2NET1806,N2_NET1806_SWP,software,Nguyen Duc Hung (K17 HCM),712020:25e0fe66-7860-4789-b9c2-35f9d9a69b0c,,,Medium,Done,Nguyen Ba Dat (K17 HCM),712020:f3af98ca-5b96-4356-9888-8f51afc0adba,KhanhHGSE171330,712020:58fabc9f-37e6-4b24-a8a1-175299c155ed,KhanhHGSE171330,712020:58fabc9f-37e6-4b24-a8a1-175299c155ed,16/Jun/24 4:03 PM,26/Jun/24 10:56 PM,15/Jul/24 10:48 AM,23/Jun/24 10:51 AM,,0,Delete MasterGemStones,,KhanhHGSE171330,712020:58fabc9f-37e6-4b24-a8a1-175299c155ed,,,,,,,,,N2NET1806-246,,,,,,,,,,,,{},,N2NET1806-254,Manage mastergemstones,,,,,,,,0|i0005q:zzk,,Setup,,,,,,,,,,,,,,10004_*:*_1_*:*_0_*|*_10003_*:*_1_*:*_586079127,10413,Manage mastergemstones,Done,23/Jun/24 10:51 AM
UC38 - Update MasterGemStones,N2NET1806-216,10375,Story,Done,N2NET1806,N2_NET1806_SWP,software,Nguyen Duc Hung (K17 HCM),712020:25e0fe66-7860-4789-b9c2-35f9d9a69b0c,,,Medium,Done,Nguyen Ba Dat (K17 HCM),712020:f3af98ca-5b96-4356-9888-8f51afc0adba,KhanhHGSE171330,712020:58fabc9f-37e6-4b24-a8a1-175299c155ed,KhanhHGSE171330,712020:58fabc9f-37e6-4b24-a8a1-175299c155ed,16/Jun/24 4:03 PM,26/Jun/24 10:56 PM,15/Jul/24 10:48 AM,23/Jun/24 10:51 AM,,0,Update MasterGemStones,,KhanhHGSE171330,712020:58fabc9f-37e6-4b24-a8a1-175299c155ed,,,,,,,,,N2NET1806-245,,,,,,,,,,,,{},,N2NET1806-254,Manage mastergemstones,,,,,,,,0|i0005q:zzd,,Setup,,,,,,,,,,,,,,10004_*:*_1_*:*_0_*|*_10003_*:*_1_*:*_586064340,10413,Manage mastergemstones,Done,23/Jun/24 10:51 AM
UC37 - Create MasterGemStones,N2NET1806-215,10374,Story,Done,N2NET1806,N2_NET1806_SWP,software,Nguyen Duc Hung (K17 HCM),712020:25e0fe66-7860-4789-b9c2-35f9d9a69b0c,,,Medium,Done,Nguyen Ba Dat (K17 HCM),712020:f3af98ca-5b96-4356-9888-8f51afc0adba,KhanhHGSE171330,712020:58fabc9f-37e6-4b24-a8a1-175299c155ed,KhanhHGSE171330,712020:58fabc9f-37e6-4b24-a8a1-175299c155ed,16/Jun/24 4:03 PM,26/Jun/24 10:56 PM,15/Jul/24 10:48 AM,23/Jun/24 10:51 AM,,0,Create MasterGemStones,,KhanhHGSE171330,712020:58fabc9f-37e6-4b24-a8a1-175299c155ed,,,,,,,,,N2NET1806-244,,,,,,,,,,,,{},,N2NET1806-254,Manage mastergemstones,,,,,,,,0|i0005q:zzr,,Setup,,,,,,,,,,,,,,10004_*:*_1_*:*_0_*|*_10003_*:*_1_*:*_586050394,10413,Manage mastergemstones,Done,23/Jun/24 10:51 AM
UC36 - Delete Stones,N2NET1806-214,10373,Story,Done,N2NET1806,N2_NET1806_SWP,software,Nguyen Duc Hung (K17 HCM),712020:25e0fe66-7860-4789-b9c2-35f9d9a69b0c,,,Medium,Done,KhanhHGSE171330,712020:58fabc9f-37e6-4b24-a8a1-175299c155ed,KhanhHGSE171330,712020:58fabc9f-37e6-4b24-a8a1-175299c155ed,KhanhHGSE171330,712020:58fabc9f-37e6-4b24-a8a1-175299c155ed,16/Jun/24 4:03 PM,26/Jun/24 10:56 PM,30/Jun/24 10:26 PM,21/Jun/24 12:02 PM,,0,Delete Stones,,KhanhHGSE171330,712020:58fabc9f-37e6-4b24-a8a1-175299c155ed,,,,,,,,,,N2NET1806-243,,,,,,,,,,,{},,N2NET1806-253,Manage stones,,,,,,,,0|i0005q:zxv,,Setup,,,,,,,,,,,,,,10004_*:*_2_*:*_5837_*|*_10003_*:*_2_*:*_417491359,10412,Manage stones,Done,21/Jun/24 12:02 PM
UC35 - Update Stones,N2NET1806-213,10372,Story,Done,N2NET1806,N2_NET1806_SWP,software,Nguyen Duc Hung (K17 HCM),712020:25e0fe66-7860-4789-b9c2-35f9d9a69b0c,,,Medium,Done,KhanhHGSE171330,712020:58fabc9f-37e6-4b24-a8a1-175299c155ed,KhanhHGSE171330,712020:58fabc9f-37e6-4b24-a8a1-175299c155ed,KhanhHGSE171330,712020:58fabc9f-37e6-4b24-a8a1-175299c155ed,16/Jun/24 4:03 PM,26/Jun/24 10:56 PM,15/Jul/24 10:48 AM,21/Jun/24 12:02 PM,,0,Update Stones,,KhanhHGSE171330,712020:58fabc9f-37e6-4b24-a8a1-175299c155ed,,,,,,,,,,N2NET1806-242,,,,,,,,,,,{},,N2NET1806-253,Manage stones,,,,,,,,0|i0005q:zz,,Setup,,,,,,,,,,,,,,10004_*:*_2_*:*_6428_*|*_10003_*:*_2_*:*_417485137,10412,Manage stones,Done,21/Jun/24 12:02 PM
UC34 - Create Stones,N2NET1806-212,10371,Story,Done,N2NET1806,N2_NET1806_SWP,software,Nguyen Duc Hung (K17 HCM),712020:25e0fe66-7860-4789-b9c2-35f9d9a69b0c,,,Medium,Done,KhanhHGSE171330,712020:58fabc9f-37e6-4b24-a8a1-175299c155ed,KhanhHGSE171330,712020:58fabc9f-37e6-4b24-a8a1-175299c155ed,KhanhHGSE171330,712020:58fabc9f-37e6-4b24-a8a1-175299c155ed,16/Jun/24 4:03 PM,26/Jun/24 10:56 PM,15/Jul/24 10:48 AM,19/Jun/24 9:40 PM,,0,Create Stones,,KhanhHGSE171330,712020:58fabc9f-37e6-4b24-a8a1-175299c155ed,,,,,,,,,N2NET1806-234,,,,,,,,,,,,{},,N2NET1806-253,Manage stones,,,,,,,,0|i0005q:zy,,Setup,,,,,,,,,,,,,,10004_*:*_2_*:*_208021555_*|*_10003_*:*_2_*:*_71400449,10412,Manage stones,Done,19/Jun/24 9:40 PM
UC33 - Delete Material,N2NET1806-211,10370,Story,Done,N2NET1806,N2_NET1806_SWP,software,Nguyen Duc Hung (K17 HCM),712020:25e0fe66-7860-4789-b9c2-35f9d9a69b0c,,,Medium,Done,Nguyen Phuc Loc (K17 HCM),621d911559c0740069d70a5f,KhanhHGSE171330,712020:58fabc9f-37e6-4b24-a8a1-175299c155ed,KhanhHGSE171330,712020:58fabc9f-37e6-4b24-a8a1-175299c155ed,16/Jun/24 4:03 PM,26/Jun/24 10:52 PM,30/Jun/24 11:33 PM,20/Jun/24 9:13 PM,,0,Delete Material,,KhanhHGSE171330,712020:58fabc9f-37e6-4b24-a8a1-175299c155ed,,,,,,,,,N2NET1806-238,,,,,,,,,,,,{},,N2NET1806-251,Manage material,,,,,,,,0|i0005q:zx,,Setup,,,,,,,,,,,,,,10004_*:*_1_*:*_0_*|*_10003_*:*_1_*:*_364187099,10410,Manage material,Done,20/Jun/24 9:13 PM
UC32 - Update Material,N2NET1806-210,10369,Story,Done,N2NET1806,N2_NET1806_SWP,software,Nguyen Duc Hung (K17 HCM),712020:25e0fe66-7860-4789-b9c2-35f9d9a69b0c,,,Medium,Done,Nguyen Phuc Loc (K17 HCM),621d911559c0740069d70a5f,KhanhHGSE171330,712020:58fabc9f-37e6-4b24-a8a1-175299c155ed,KhanhHGSE171330,712020:58fabc9f-37e6-4b24-a8a1-175299c155ed,16/Jun/24 4:03 PM,26/Jun/24 10:53 PM,01/Jul/24 12:30 AM,20/Jun/24 7:58 PM,,0,Update Material,,KhanhHGSE171330,712020:58fabc9f-37e6-4b24-a8a1-175299c155ed,,,,,,,,,N2NET1806-237,,,,,,,,,,,,{},,N2NET1806-251,Manage material,,,,,,,,0|i0005q:zxr,,Setup,,,,,,,,,,,,,,10004_*:*_1_*:*_0_*|*_10003_*:*_1_*:*_359660923,10410,Manage material,Done,20/Jun/24 7:58 PM
UC31 - Create Material,N2NET1806-209,10368,Story,Done,N2NET1806,N2_NET1806_SWP,software,Nguyen Duc Hung (K17 HCM),712020:25e0fe66-7860-4789-b9c2-35f9d9a69b0c,,,Medium,Done,Nguyen Phuc Loc (K17 HCM),621d911559c0740069d70a5f,KhanhHGSE171330,712020:58fabc9f-37e6-4b24-a8a1-175299c155ed,KhanhHGSE171330,712020:58fabc9f-37e6-4b24-a8a1-175299c155ed,16/Jun/24 4:03 PM,01/Jul/24 12:28 AM,01/Jul/24 12:27 AM,17/Jun/24 11:17 AM,,0,,,KhanhHGSE171330,712020:58fabc9f-37e6-4b24-a8a1-175299c155ed,,,,,,,,,N2NET1806-235,,,,,,,,,,,,{},,N2NET1806-251,Manage material,,,,,,,,0|i0005q:zxi,,Setup,,,,,,,,,,,,,,10004_*:*_1_*:*_0_*|*_10003_*:*_1_*:*_69197083,10410,Manage material,Done,17/Jun/24 11:17 AM
UC30 - Delete Blog,N2NET1806-208,10367,Story,To Do,N2NET1806,N2_NET1806_SWP,software,Nguyen Duc Hung (K17 HCM),712020:25e0fe66-7860-4789-b9c2-35f9d9a69b0c,,,Medium,,,,KhanhHGSE171330,712020:58fabc9f-37e6-4b24-a8a1-175299c155ed,KhanhHGSE171330,712020:58fabc9f-37e6-4b24-a8a1-175299c155ed,16/Jun/24 4:03 PM,26/Jun/24 10:57 PM,15/Jul/24 10:48 AM,,,0,Delete Blog,,KhanhHGSE171330,712020:58fabc9f-37e6-4b24-a8a1-175299c155ed,,,,,,,,,,,,,,,,,,,,,{},,N2NET1806-255,Manage blog,,,,,,,,0|i0005q:zi,,Setup,,,,,,,,,,,,,,,10414,Manage blog,To Do,16/Jun/24 4:03 PM
UC29 - Update Blog,N2NET1806-207,10366,Story,To Do,N2NET1806,N2_NET1806_SWP,software,Nguyen Duc Hung (K17 HCM),712020:25e0fe66-7860-4789-b9c2-35f9d9a69b0c,,,Medium,,,,KhanhHGSE171330,712020:58fabc9f-37e6-4b24-a8a1-175299c155ed,KhanhHGSE171330,712020:58fabc9f-37e6-4b24-a8a1-175299c155ed,16/Jun/24 4:03 PM,26/Jun/24 10:57 PM,26/Jun/24 10:57 PM,,,0,Update Blog,,KhanhHGSE171330,712020:58fabc9f-37e6-4b24-a8a1-175299c155ed,,,,,,,,,,,,,,,,,,,,,{},,N2NET1806-255,Manage blog,,,,,,,,0|i0005q:xr,,Setup,,,,,,,,,,,,,,,10414,Manage blog,To Do,16/Jun/24 4:03 PM
UC28 - Create Blog,N2NET1806-206,10365,Story,Done,N2NET1806,N2_NET1806_SWP,software,Nguyen Duc Hung (K17 HCM),712020:25e0fe66-7860-4789-b9c2-35f9d9a69b0c,,,Medium,Done,Nguyen Duc Hung (K17 HCM),712020:25e0fe66-7860-4789-b9c2-35f9d9a69b0c,KhanhHGSE171330,712020:58fabc9f-37e6-4b24-a8a1-175299c155ed,KhanhHGSE171330,712020:58fabc9f-37e6-4b24-a8a1-175299c155ed,16/Jun/24 4:03 PM,26/Jun/24 10:55 PM,15/Jul/24 10:48 AM,19/Jun/24 7:50 PM,,0,Create Blog,,KhanhHGSE171330,712020:58fabc9f-37e6-4b24-a8a1-175299c155ed,,,,,,,,,N2NET1806-233,,,,,,,,,,,,{},,N2NET1806-255,Manage blog,,,,,,,,0|i0005q:y,,Setup,,,,,,,,,,,,,,10004_*:*_1_*:*_0_*|*_10003_*:*_1_*:*_272818889,10414,Manage blog,Done,19/Jun/24 7:50 PM
UC27 - Delete Design,N2NET1806-205,10364,Story,Done,N2NET1806,N2_NET1806_SWP,software,Nguyen Duc Hung (K17 HCM),712020:25e0fe66-7860-4789-b9c2-35f9d9a69b0c,,,Medium,Done,KhanhHGSE171330,712020:58fabc9f-37e6-4b24-a8a1-175299c155ed,KhanhHGSE171330,712020:58fabc9f-37e6-4b24-a8a1-175299c155ed,KhanhHGSE171330,712020:58fabc9f-37e6-4b24-a8a1-175299c155ed,16/Jun/24 4:03 PM,26/Jun/24 10:54 PM,15/Jul/24 10:48 AM,24/Jun/24 11:34 PM,,0,Delete Design,,KhanhHGSE171330,712020:58fabc9f-37e6-4b24-a8a1-175299c155ed,,,,,,,,,,N2NET1806-249,,,,,,,,,,,{},,N2NET1806-252,Manage design,,,,,,,,0|i0005q:x,,Setup,,,,,,,,,,,,,,10004_*:*_1_*:*_0_*|*_10003_*:*_1_*:*_718207447,10411,Manage design,Done,24/Jun/24 11:34 PM
UC26 - Update Design,N2NET1806-204,10363,Story,Done,N2NET1806,N2_NET1806_SWP,software,Nguyen Duc Hung (K17 HCM),712020:25e0fe66-7860-4789-b9c2-35f9d9a69b0c,,,Medium,Done,KhanhHGSE171330,712020:58fabc9f-37e6-4b24-a8a1-175299c155ed,KhanhHGSE171330,712020:58fabc9f-37e6-4b24-a8a1-175299c155ed,KhanhHGSE171330,712020:58fabc9f-37e6-4b24-a8a1-175299c155ed,16/Jun/24 4:03 PM,26/Jun/24 10:54 PM,15/Jul/24 10:48 AM,24/Jun/24 11:19 PM,,0,Update Design,,KhanhHGSE171330,712020:58fabc9f-37e6-4b24-a8a1-175299c155ed,,,,,,,,,,N2NET1806-248,,,,,,,,,,,{},,N2NET1806-252,Manage design,,,,,,,,0|i0005q:xi,,Setup,,,,,,,,,,,,,,10004_*:*_1_*:*_0_*|*_10003_*:*_1_*:*_717341066,10411,Manage design,Done,24/Jun/24 11:19 PM
UC25 - Create Design,N2NET1806-203,10362,Story,Done,N2NET1806,N2_NET1806_SWP,software,Nguyen Duc Hung (K17 HCM),712020:25e0fe66-7860-4789-b9c2-35f9d9a69b0c,,,Medium,Done,KhanhHGSE171330,712020:58fabc9f-37e6-4b24-a8a1-175299c155ed,KhanhHGSE171330,712020:58fabc9f-37e6-4b24-a8a1-175299c155ed,KhanhHGSE171330,712020:58fabc9f-37e6-4b24-a8a1-175299c155ed,16/Jun/24 4:03 PM,26/Jun/24 10:54 PM,15/Jul/24 10:48 AM,24/Jun/24 11:09 PM,,0,Create Design,,KhanhHGSE171330,712020:58fabc9f-37e6-4b24-a8a1-175299c155ed,,,,,,,,,,N2NET1806-247,,,,,,,,,,,{},,N2NET1806-252,Manage design,,,,,,,,0|i0005q:r,,Setup,,,,,,,,,,,,,,10004_*:*_1_*:*_0_*|*_10003_*:*_1_*:*_716744119,10411,Manage design,Done,24/Jun/24 11:09 PM
UC24 - View Dashboard,N2NET1806-202,10361,Story,To Do,N2NET1806,N2_NET1806_SWP,software,Nguyen Duc Hung (K17 HCM),712020:25e0fe66-7860-4789-b9c2-35f9d9a69b0c,,,Medium,,,,KhanhHGSE171330,712020:58fabc9f-37e6-4b24-a8a1-175299c155ed,KhanhHGSE171330,712020:58fabc9f-37e6-4b24-a8a1-175299c155ed,16/Jun/24 4:03 PM,17/Jun/24 7:38 AM,15/Jul/24 10:48 AM,,,0,View Dashboard,,KhanhHGSE171330,712020:58fabc9f-37e6-4b24-a8a1-175299c155ed,,,,,,,,,,,,,,,,,,,,,{},,N2NET1806-178,Dashboard,,,,,,,,0|i0006f:,,Dashboard,,,,,,,,,,,,,,,10235,Dashboard,To Do,16/Jun/24 4:03 PM
UC23 - Modify Account,N2NET1806-201,10360,Story,To Do,N2NET1806,N2_NET1806_SWP,software,Nguyen Duc Hung (K17 HCM),712020:25e0fe66-7860-4789-b9c2-35f9d9a69b0c,,,Medium,,,,KhanhHGSE171330,712020:58fabc9f-37e6-4b24-a8a1-175299c155ed,KhanhHGSE171330,712020:58fabc9f-37e6-4b24-a8a1-175299c155ed,16/Jun/24 4:03 PM,26/Jun/24 10:56 PM,15/Jul/24 10:48 AM,,,0,Modify Account,,KhanhHGSE171330,712020:58fabc9f-37e6-4b24-a8a1-175299c155ed,,,,,,,,,,,,,,,,,,,,,{},,N2NET1806-256,Manage account,,,,,,,,0|i0005p:r,,Setup,,,,,,,,,,,,,,,10415,Manage account,To Do,16/Jun/24 4:03 PM
UC22 - View Account Detail,N2NET1806-200,10359,Story,To Do,N2NET1806,N2_NET1806_SWP,software,Nguyen Duc Hung (K17 HCM),712020:25e0fe66-7860-4789-b9c2-35f9d9a69b0c,,,Medium,,,,KhanhHGSE171330,712020:58fabc9f-37e6-4b24-a8a1-175299c155ed,KhanhHGSE171330,712020:58fabc9f-37e6-4b24-a8a1-175299c155ed,16/Jun/24 4:03 PM,17/Jun/24 7:38 AM,15/Jul/24 10:48 AM,,,0,View Account Detail,,KhanhHGSE171330,712020:58fabc9f-37e6-4b24-a8a1-175299c155ed,,,,,,,,,,,,,,,,,,,,,{},,N2NET1806-177,Report,,,,,,,,0|i0005z:,,Report,,,,,,,,,,,,,,,10234,Report,To Do,16/Jun/24 4:03 PM
UC21 - View Account List,N2NET1806-199,10358,Story,To Do,N2NET1806,N2_NET1806_SWP,software,Nguyen Duc Hung (K17 HCM),712020:25e0fe66-7860-4789-b9c2-35f9d9a69b0c,,,Medium,,,,KhanhHGSE171330,712020:58fabc9f-37e6-4b24-a8a1-175299c155ed,KhanhHGSE171330,712020:58fabc9f-37e6-4b24-a8a1-175299c155ed,16/Jun/24 4:03 PM,17/Jun/24 7:38 AM,15/Jul/24 10:48 AM,,,0,View Account List,,KhanhHGSE171330,712020:58fabc9f-37e6-4b24-a8a1-175299c155ed,,,,,,,,,,,,,,,,,,,,,{},,N2NET1806-177,Report,,,,,,,,0|i0005r:,,Report,,,,,,,,,,,,,,,10234,Report,To Do,16/Jun/24 4:03 PM
UC20 - Delete Account,N2NET1806-198,10357,Story,To Do,N2NET1806,N2_NET1806_SWP,software,Nguyen Duc Hung (K17 HCM),712020:25e0fe66-7860-4789-b9c2-35f9d9a69b0c,,,Medium,,,,KhanhHGSE171330,712020:58fabc9f-37e6-4b24-a8a1-175299c155ed,KhanhHGSE171330,712020:58fabc9f-37e6-4b24-a8a1-175299c155ed,16/Jun/24 4:03 PM,26/Jun/24 10:55 PM,26/Jun/24 10:55 PM,,,0,Delete Account,,KhanhHGSE171330,712020:58fabc9f-37e6-4b24-a8a1-175299c155ed,,,,,,,,,,,,,,,,,,,,,{},,N2NET1806-256,Manage account,,,,,,,,0|i0005j:,,Setup,,,,,,,,,,,,,,,10415,Manage account,To Do,16/Jun/24 4:03 PM
UC19 - Create Account,N2NET1806-197,10356,Story,Done,N2NET1806,N2_NET1806_SWP,software,Nguyen Duc Hung (K17 HCM),712020:25e0fe66-7860-4789-b9c2-35f9d9a69b0c,,,Medium,Done,Nguyen Duc Hung (K17 HCM),712020:25e0fe66-7860-4789-b9c2-35f9d9a69b0c,KhanhHGSE171330,712020:58fabc9f-37e6-4b24-a8a1-175299c155ed,KhanhHGSE171330,712020:58fabc9f-37e6-4b24-a8a1-175299c155ed,16/Jun/24 4:03 PM,26/Jun/24 10:56 PM,15/Jul/24 10:48 AM,21/Jun/24 11:47 AM,,0,Create Account,,KhanhHGSE171330,712020:58fabc9f-37e6-4b24-a8a1-175299c155ed,,,,,,,,,N2NET1806-241,,,,,,,,,,,,{},,N2NET1806-256,Manage account,,,,,,,,0|i0005p:i,,Setup,,,,,,,,Unit,,,,,,10004_*:*_1_*:*_0_*|*_10003_*:*_1_*:*_416603169,10415,Manage account,Done,21/Jun/24 11:47 AM
UC18 - Edit profile,N2NET1806-196,10355,Story,Done,N2NET1806,N2_NET1806_SWP,software,Nguyen Duc Hung (K17 HCM),712020:25e0fe66-7860-4789-b9c2-35f9d9a69b0c,,,Medium,Done,Nguyen Ba Dat (K17 HCM),712020:f3af98ca-5b96-4356-9888-8f51afc0adba,KhanhHGSE171330,712020:58fabc9f-37e6-4b24-a8a1-175299c155ed,KhanhHGSE171330,712020:58fabc9f-37e6-4b24-a8a1-175299c155ed,16/Jun/24 4:03 PM,26/Jun/24 10:56 PM,15/Jul/24 10:48 AM,19/Jun/24 3:22 PM,,0,Edit profile,,KhanhHGSE171330,712020:58fabc9f-37e6-4b24-a8a1-175299c155ed,,,,,,,,,N2NET1806-232,,,,,,,,,,,,{},,N2NET1806-256,Manage account,,,,,,,,0|i0005q:,,Setup,,,,,,,,,,,,,,10004_*:*_1_*:*_0_*|*_10003_*:*_1_*:*_256718751,10415,Manage account,Done,19/Jun/24 3:22 PM
UC17 - View profile,N2NET1806-195,10354,Story,To Do,N2NET1806,N2_NET1806_SWP,software,Nguyen Duc Hung (K17 HCM),712020:25e0fe66-7860-4789-b9c2-35f9d9a69b0c,,,Medium,,,,KhanhHGSE171330,712020:58fabc9f-37e6-4b24-a8a1-175299c155ed,KhanhHGSE171330,712020:58fabc9f-37e6-4b24-a8a1-175299c155ed,16/Jun/24 4:03 PM,17/Jun/24 7:38 AM,15/Jul/24 10:48 AM,,,0,View profile,,KhanhHGSE171330,712020:58fabc9f-37e6-4b24-a8a1-175299c155ed,,,,,,,,,,,,,,,,,,,,,{},,N2NET1806-177,Report,,,,,,,,0|i0004v:,,Report,,,,,,,,,,,,,,,10234,Report,To Do,16/Jun/24 4:03 PM
UC16 - Pay The Rest,N2NET1806-194,10353,Story,Done,N2NET1806,N2_NET1806_SWP,software,Nguyen Duc Hung (K17 HCM),712020:25e0fe66-7860-4789-b9c2-35f9d9a69b0c,,,Medium,Done,Nguyen Phuc Loc (K17 HCM),621d911559c0740069d70a5f,KhanhHGSE171330,712020:58fabc9f-37e6-4b24-a8a1-175299c155ed,KhanhHGSE171330,712020:58fabc9f-37e6-4b24-a8a1-175299c155ed,16/Jun/24 4:03 PM,14/Jul/24 9:57 PM,14/Jul/24 9:52 PM,14/Jul/24 9:53 PM,,0,Pay The Rest,,KhanhHGSE171330,712020:58fabc9f-37e6-4b24-a8a1-175299c155ed,,,,,,,,,N2NET1806-265,,,,,,,,,,,,{},,N2NET1806-175,Create Jewelry Production Requirement,,,,,,,,0|i0004n:,,BussinessFlow,,,,,,,,,,,,,,10004_*:*_1_*:*_0_*|*_10003_*:*_1_*:*_2440163495,10232,Create Jewelry Production Requirement,Done,14/Jul/24 9:53 PM
UC14 - Confirm 3D Design Of Jewelry,N2NET1806-192,10351,Story,Done,N2NET1806,N2_NET1806_SWP,software,Nguyen Duc Hung (K17 HCM),712020:25e0fe66-7860-4789-b9c2-35f9d9a69b0c,,,Medium,Done,Nguyen Ba Dat (K17 HCM),712020:f3af98ca-5b96-4356-9888-8f51afc0adba,KhanhHGSE171330,712020:58fabc9f-37e6-4b24-a8a1-175299c155ed,KhanhHGSE171330,712020:58fabc9f-37e6-4b24-a8a1-175299c155ed,16/Jun/24 4:03 PM,14/Jul/24 9:43 PM,13/Jul/24 3:21 PM,14/Jul/24 9:43 PM,,0,Confirm 3D Design Of Jewelry,,KhanhHGSE171330,712020:58fabc9f-37e6-4b24-a8a1-175299c155ed,,,,,,,,,N2NET1806-269,,,,,,,,,,,,{},,N2NET1806-175,Create Jewelry Production Requirement,,,,,,,,0|i00047:,,BussinessFlow,,,,,,,,,,,,,,10004_*:*_1_*:*_0_*|*_10003_*:*_1_*:*_2439567560,10232,Create Jewelry Production Requirement,Done,14/Jul/24 9:43 PM
UC13 - Get a 3D Design Of Jewelry,N2NET1806-191,10350,Story,Done,N2NET1806,N2_NET1806_SWP,software,Nguyen Duc Hung (K17 HCM),712020:25e0fe66-7860-4789-b9c2-35f9d9a69b0c,,,Medium,Done,Nguyen Ba Dat (K17 HCM),712020:f3af98ca-5b96-4356-9888-8f51afc0adba,KhanhHGSE171330,712020:58fabc9f-37e6-4b24-a8a1-175299c155ed,KhanhHGSE171330,712020:58fabc9f-37e6-4b24-a8a1-175299c155ed,16/Jun/24 4:03 PM,14/Jul/24 5:57 PM,15/Jul/24 10:48 AM,14/Jul/24 5:56 PM,,0,Get a 3D Design Of Jewelry,,KhanhHGSE171330,712020:58fabc9f-37e6-4b24-a8a1-175299c155ed,,,,,,,,,N2NET1806-266,,,,,,,,,,,,{},,N2NET1806-175,Create Jewelry Production Requirement,,,,,,,,0|i0003z:,,BussinessFlow,,,,,,,,,,,,,,10004_*:*_1_*:*_0_*|*_10003_*:*_1_*:*_2425970812,10232,Create Jewelry Production Requirement,Done,14/Jul/24 5:56 PM
UC12 - Deposit For Requirement,N2NET1806-190,10349,Story,Done,N2NET1806,N2_NET1806_SWP,software,Nguyen Duc Hung (K17 HCM),712020:25e0fe66-7860-4789-b9c2-35f9d9a69b0c,,,Medium,Done,Nguyen Phuc Loc (K17 HCM),621d911559c0740069d70a5f,KhanhHGSE171330,712020:58fabc9f-37e6-4b24-a8a1-175299c155ed,KhanhHGSE171330,712020:58fabc9f-37e6-4b24-a8a1-175299c155ed,16/Jun/24 4:03 PM,15/Jul/24 8:40 AM,15/Jul/24 8:40 AM,14/Jul/24 9:57 PM,,0,Deposit For Design,,KhanhHGSE171330,712020:58fabc9f-37e6-4b24-a8a1-175299c155ed,,,,,,,,,N2NET1806-271,,,,,,,,,,,,{},,N2NET1806-175,Create Jewelry Production Requirement,,,,,,,,0|i0003r:,,BussinessFlow,,,,,,,,,,,,,,10004_*:*_2_*:*_15871_*|*_10003_*:*_2_*:*_2440432280,10232,Create Jewelry Production Requirement,Done,14/Jul/24 9:57 PM
UC11 - Confirm Price,N2NET1806-189,10348,Story,Done,N2NET1806,N2_NET1806_SWP,software,Nguyen Duc Hung (K17 HCM),712020:25e0fe66-7860-4789-b9c2-35f9d9a69b0c,,,Medium,Done,Nguyen Phuc Loc (K17 HCM),621d911559c0740069d70a5f,KhanhHGSE171330,712020:58fabc9f-37e6-4b24-a8a1-175299c155ed,KhanhHGSE171330,712020:58fabc9f-37e6-4b24-a8a1-175299c155ed,16/Jun/24 4:03 PM,15/Jul/24 8:07 AM,15/Jul/24 8:11 AM,15/Jul/24 8:07 AM,,0,Confirm Price,,KhanhHGSE171330,712020:58fabc9f-37e6-4b24-a8a1-175299c155ed,,,,,,,,,N2NET1806-261,,,,,,,,,,,,{},,N2NET1806-175,Create Jewelry Production Requirement,,,,,,,,0|i0003j:,,BussinessFlow,,,,,,,,,,,,,,10004_*:*_1_*:*_0_*|*_10003_*:*_1_*:*_2477015029,10232,Create Jewelry Production Requirement,Done,15/Jul/24 8:07 AM
UC10 - Get a Price For Design,N2NET1806-188,10347,Story,Done,N2NET1806,N2_NET1806_SWP,software,Nguyen Duc Hung (K17 HCM),712020:25e0fe66-7860-4789-b9c2-35f9d9a69b0c,,,Medium,Done,Dang Pham Xuan Loc,712020:17521cd1-2da8-4aab-967a-625281e91803,KhanhHGSE171330,712020:58fabc9f-37e6-4b24-a8a1-175299c155ed,KhanhHGSE171330,712020:58fabc9f-37e6-4b24-a8a1-175299c155ed,16/Jun/24 4:03 PM,15/Jul/24 8:28 AM,15/Jul/24 8:11 AM,15/Jul/24 8:28 AM,,0,Get a Price For Design,,KhanhHGSE171330,712020:58fabc9f-37e6-4b24-a8a1-175299c155ed,,,,,,,,,N2NET1806-273,,,,,,,,,,,,{},,N2NET1806-175,Create Jewelry Production Requirement,,,,,,,,0|i0003b:,,BussinessFlow,,,,,,,,,,,,,,10004_*:*_1_*:*_0_*|*_10003_*:*_1_*:*_2478251571,10232,Create Jewelry Production Requirement,Done,15/Jul/24 8:28 AM
UC09 - Create Custom Design Request,N2NET1806-187,10346,Story,Done,N2NET1806,N2_NET1806_SWP,software,Nguyen Duc Hung (K17 HCM),712020:25e0fe66-7860-4789-b9c2-35f9d9a69b0c,,,Medium,Done,Dang Pham Xuan Loc,712020:17521cd1-2da8-4aab-967a-625281e91803,KhanhHGSE171330,712020:58fabc9f-37e6-4b24-a8a1-175299c155ed,KhanhHGSE171330,712020:58fabc9f-37e6-4b24-a8a1-175299c155ed,16/Jun/24 4:03 PM,15/Jul/24 8:39 AM,15/Jul/24 8:39 AM,15/Jul/24 8:39 AM,,0,Create Custom Design Request,,KhanhHGSE171330,712020:58fabc9f-37e6-4b24-a8a1-175299c155ed,,,,,,,,,N2NET1806-274,,,,,,,,,,,,{},,N2NET1806-175,Create Jewelry Production Requirement,,,,,,,,0|i00033:,,BussinessFlow,,,,,,,,Unit,,,,,,3_*:*_1_*:*_35984119_*|*_10004_*:*_2_*:*_4887332_*|*_10003_*:*_1_*:*_2438081948,10232,Create Jewelry Production Requirement,Done,15/Jul/24 8:39 AM
UC08 - Select Design,N2NET1806-186,10345,Story,Done,N2NET1806,N2_NET1806_SWP,software,Nguyen Duc Hung (K17 HCM),712020:25e0fe66-7860-4789-b9c2-35f9d9a69b0c,,,Medium,Done,Nguyen Duc Hung (K17 HCM),712020:25e0fe66-7860-4789-b9c2-35f9d9a69b0c,KhanhHGSE171330,712020:58fabc9f-37e6-4b24-a8a1-175299c155ed,KhanhHGSE171330,712020:58fabc9f-37e6-4b24-a8a1-175299c155ed,16/Jun/24 4:03 PM,14/Jul/24 8:38 PM,15/Jul/24 8:10 AM,14/Jul/24 8:38 PM,,0,Select Design,,KhanhHGSE171330,712020:58fabc9f-37e6-4b24-a8a1-175299c155ed,,,,,,,,,N2NET1806-257,,,,,,,,,,,,{},,N2NET1806-175,Create Jewelry Production Requirement,,,,,,,,0|i0002v:,,BussinessFlow,,,,,,,,,,,,,,10004_*:*_1_*:*_0_*|*_10003_*:*_1_*:*_2435657701,10232,Create Jewelry Production Requirement,Done,14/Jul/24 8:38 PM
UC07 - Search Design,N2NET1806-185,10344,Story,Done,N2NET1806,N2_NET1806_SWP,software,Nguyen Duc Hung (K17 HCM),712020:25e0fe66-7860-4789-b9c2-35f9d9a69b0c,,,Medium,Done,Dang Pham Xuan Loc,712020:17521cd1-2da8-4aab-967a-625281e91803,KhanhHGSE171330,712020:58fabc9f-37e6-4b24-a8a1-175299c155ed,KhanhHGSE171330,712020:58fabc9f-37e6-4b24-a8a1-175299c155ed,16/Jun/24 4:03 PM,15/Jul/24 8:27 AM,15/Jul/24 8:10 AM,15/Jul/24 8:27 AM,,0,Search Design,,KhanhHGSE171330,712020:58fabc9f-37e6-4b24-a8a1-175299c155ed,,,,,,,,,N2NET1806-275,,,,,,,,,,,,{},,N2NET1806-175,Create Jewelry Production Requirement,,,,,,,,0|i0002n:,,BussinessFlow,,,,,,,,,,,,,,3_*:*_1_*:*_37514760_*|*_10004_*:*_2_*:*_3853951_*|*_10003_*:*_1_*:*_2436845930,10232,Create Jewelry Production Requirement,Done,15/Jul/24 8:27 AM
UC06 - View Design Details,N2NET1806-184,10343,Story,Done,N2NET1806,N2_NET1806_SWP,software,Nguyen Duc Hung (K17 HCM),712020:25e0fe66-7860-4789-b9c2-35f9d9a69b0c,,,Medium,Done,Nguyen Ba Dat (K17 HCM),712020:f3af98ca-5b96-4356-9888-8f51afc0adba,KhanhHGSE171330,712020:58fabc9f-37e6-4b24-a8a1-175299c155ed,KhanhHGSE171330,712020:58fabc9f-37e6-4b24-a8a1-175299c155ed,16/Jun/24 4:03 PM,14/Jul/24 5:56 PM,11/Jul/24 9:34 AM,14/Jul/24 5:56 PM,,0,View Design Details,,KhanhHGSE171330,712020:58fabc9f-37e6-4b24-a8a1-175299c155ed,,,,,,,,,N2NET1806-263,,,,,,,,,,,,{},,N2NET1806-175,Create Jewelry Production Requirement,,,,,,,,0|i0002f:,,BussinessFlow,,,,,,,,,,,,,,10004_*:*_1_*:*_0_*|*_10003_*:*_1_*:*_2425968231,10232,Create Jewelry Production Requirement,Done,14/Jul/24 5:56 PM
UC05 - View Design,N2NET1806-183,10342,Story,Done,N2NET1806,N2_NET1806_SWP,software,Nguyen Duc Hung (K17 HCM),712020:25e0fe66-7860-4789-b9c2-35f9d9a69b0c,,,Medium,Done,Nguyen Ba Dat (K17 HCM),712020:f3af98ca-5b96-4356-9888-8f51afc0adba,KhanhHGSE171330,712020:58fabc9f-37e6-4b24-a8a1-175299c155ed,KhanhHGSE171330,712020:58fabc9f-37e6-4b24-a8a1-175299c155ed,16/Jun/24 4:03 PM,14/Jul/24 5:56 PM,15/Jul/24 10:48 AM,14/Jul/24 5:56 PM,,0,View Design,,KhanhHGSE171330,712020:58fabc9f-37e6-4b24-a8a1-175299c155ed,,,,,,,,,,,,,,,,,,,,,{},,N2NET1806-175,Create Jewelry Production Requirement,,,,,,,,0|i00027:,,BussinessFlow,,,,,,,,,,,,,,10004_*:*_1_*:*_0_*|*_10003_*:*_1_*:*_2425966278,10232,Create Jewelry Production Requirement,Done,14/Jul/24 5:56 PM
UC04 - Log out,N2NET1806-182,10341,Story,To Do,N2NET1806,N2_NET1806_SWP,software,Nguyen Duc Hung (K17 HCM),712020:25e0fe66-7860-4789-b9c2-35f9d9a69b0c,,,Medium,,,,KhanhHGSE171330,712020:58fabc9f-37e6-4b24-a8a1-175299c155ed,KhanhHGSE171330,712020:58fabc9f-37e6-4b24-a8a1-175299c155ed,16/Jun/24 4:03 PM,17/Jun/24 7:36 AM,15/Jul/24 10:48 AM,,,0,Log out,,KhanhHGSE171330,712020:58fabc9f-37e6-4b24-a8a1-175299c155ed,,,,,,,,,,,,,,,,,,,,,{},,N2NET1806-173,Authentication,,,,,,,,0|i0005p:,,Setup,,,,,,,,,,,,,,,10230,Authentication,To Do,16/Jun/24 4:03 PM
UC03 - View Blogs,N2NET1806-181,10340,Story,To Do,N2NET1806,N2_NET1806_SWP,software,Nguyen Duc Hung (K17 HCM),712020:25e0fe66-7860-4789-b9c2-35f9d9a69b0c,,,Medium,,,,KhanhHGSE171330,712020:58fabc9f-37e6-4b24-a8a1-175299c155ed,KhanhHGSE171330,712020:58fabc9f-37e6-4b24-a8a1-175299c155ed,16/Jun/24 4:03 PM,17/Jun/24 7:38 AM,15/Jul/24 10:48 AM,,,0,View Blogs,,KhanhHGSE171330,712020:58fabc9f-37e6-4b24-a8a1-175299c155ed,,,,,,,,,,,,,,,,,,,,,{},,N2NET1806-177,Report,,,,,,,,0|i0001r:,,Report,,,,,,,,,,,,,,,10234,Report,To Do,16/Jun/24 4:03 PM
UC02 - Sign up,N2NET1806-180,10339,Story,Done,N2NET1806,N2_NET1806_SWP,software,Nguyen Duc Hung (K17 HCM),712020:25e0fe66-7860-4789-b9c2-35f9d9a69b0c,,,Medium,Done,Nguyen Ba Dat (K17 HCM),712020:f3af98ca-5b96-4356-9888-8f51afc0adba,KhanhHGSE171330,712020:58fabc9f-37e6-4b24-a8a1-175299c155ed,KhanhHGSE171330,712020:58fabc9f-37e6-4b24-a8a1-175299c155ed,16/Jun/24 4:03 PM,17/Jun/24 11:32 AM,15/Jul/24 10:48 AM,17/Jun/24 10:01 AM,,0,Sign up,,KhanhHGSE171330,712020:58fabc9f-37e6-4b24-a8a1-175299c155ed,,,,,,,,,N2NET1806-230,,,,,,,,,,,,{},,N2NET1806-173,Authentication,,,,,,,,0|i0005n:,,Setup,,,,,,,,,,,,,,10004_*:*_1_*:*_0_*|*_10003_*:*_1_*:*_64638014,10230,Authentication,Done,17/Jun/24 10:01 AM
UC01 - Sign in,N2NET1806-179,10338,Story,Done,N2NET1806,N2_NET1806_SWP,software,Nguyen Duc Hung (K17 HCM),712020:25e0fe66-7860-4789-b9c2-35f9d9a69b0c,,,Medium,Done,Nguyen Ba Dat (K17 HCM),712020:f3af98ca-5b96-4356-9888-8f51afc0adba,KhanhHGSE171330,712020:58fabc9f-37e6-4b24-a8a1-175299c155ed,KhanhHGSE171330,712020:58fabc9f-37e6-4b24-a8a1-175299c155ed,16/Jun/24 4:03 PM,19/Jun/24 10:38 AM,15/Jul/24 10:48 AM,16/Jun/24 5:45 PM,,0,Sign in,,KhanhHGSE171330,712020:58fabc9f-37e6-4b24-a8a1-175299c155ed,,,,,,,,,N2NET1806-231,,,,,,,,,,,,{},,N2NET1806-173,Authentication,,,,,,,,0|i0001b:,,,,,,,,,,,,,,,,10004_*:*_1_*:*_0_*|*_10003_*:*_1_*:*_6115213,10230,Authentication,Done,16/Jun/24 5:45 PM
Dashboard,N2NET1806-178,10235,Epic,To Do,N2NET1806,N2_NET1806_SWP,software,Nguyen Duc Hung (K17 HCM),712020:25e0fe66-7860-4789-b9c2-35f9d9a69b0c,,,Medium,,,,KhanhHGSE171330,712020:58fabc9f-37e6-4b24-a8a1-175299c155ed,KhanhHGSE171330,712020:58fabc9f-37e6-4b24-a8a1-175299c155ed,16/Jun/24 3:27 PM,16/Jun/24 4:03 PM,15/Jul/24 10:48 AM,,,0,,,KhanhHGSE171330,712020:58fabc9f-37e6-4b24-a8a1-175299c155ed,,,,,,,,,,,,,,,,,,,,,{},ghx-label-7,,,Dashboard,To Do,,,purple,,,0|i00013:,,,,,,,,,,,,,,,,,,,To Do,16/Jun/24 3:27 PM
Report,N2NET1806-177,10234,Epic,To Do,N2NET1806,N2_NET1806_SWP,software,Nguyen Duc Hung (K17 HCM),712020:25e0fe66-7860-4789-b9c2-35f9d9a69b0c,,,Medium,,,,KhanhHGSE171330,712020:58fabc9f-37e6-4b24-a8a1-175299c155ed,KhanhHGSE171330,712020:58fabc9f-37e6-4b24-a8a1-175299c155ed,16/Jun/24 3:26 PM,16/Jun/24 4:03 PM,15/Jul/24 10:48 AM,,,0,,,KhanhHGSE171330,712020:58fabc9f-37e6-4b24-a8a1-175299c155ed,,,,,,,,,,,,,,,,,,,,,{},ghx-label-7,,,Report,To Do,,,purple,,,0|i0000v:,,,,,,,,,,,,,,,,,,,To Do,16/Jun/24 3:26 PM
Update requirement status,N2NET1806-176,10233,Epic,To Do,N2NET1806,N2_NET1806_SWP,software,Nguyen Duc Hung (K17 HCM),712020:25e0fe66-7860-4789-b9c2-35f9d9a69b0c,,,Medium,,,,KhanhHGSE171330,712020:58fabc9f-37e6-4b24-a8a1-175299c155ed,KhanhHGSE171330,712020:58fabc9f-37e6-4b24-a8a1-175299c155ed,16/Jun/24 3:17 PM,16/Jun/24 4:04 PM,13/Jul/24 3:30 PM,,,0,,,KhanhHGSE171330,712020:58fabc9f-37e6-4b24-a8a1-175299c155ed,,,,,,,,,,,,,,,,,,,,,{},ghx-label-7,,,Update requirement status,To Do,,,purple,,,0|i0000n:,,,,,,,,,,,,,,,,,,,To Do,16/Jun/24 3:17 PM
Create Jewelry Production Requirement,N2NET1806-175,10232,Epic,To Do,N2NET1806,N2_NET1806_SWP,software,Nguyen Duc Hung (K17 HCM),712020:25e0fe66-7860-4789-b9c2-35f9d9a69b0c,,,Medium,,,,KhanhHGSE171330,712020:58fabc9f-37e6-4b24-a8a1-175299c155ed,KhanhHGSE171330,712020:58fabc9f-37e6-4b24-a8a1-175299c155ed,16/Jun/24 3:14 PM,14/Jul/24 10:41 PM,15/Jul/24 8:06 AM,,,0,,,KhanhHGSE171330,712020:58fabc9f-37e6-4b24-a8a1-175299c155ed,,,,,,,,,,,,,,,,,,,,,{},ghx-label-7,,,Create Jewelry Production Requirement,To Do,,,purple,,,0|i0000f:,,,,,,,,,,,,,,,,,,,To Do,16/Jun/24 3:14 PM
Authentication,N2NET1806-173,10230,Epic,To Do,N2NET1806,N2_NET1806_SWP,software,Nguyen Duc Hung (K17 HCM),712020:25e0fe66-7860-4789-b9c2-35f9d9a69b0c,,,Medium,,,,KhanhHGSE171330,712020:58fabc9f-37e6-4b24-a8a1-175299c155ed,KhanhHGSE171330,712020:58fabc9f-37e6-4b24-a8a1-175299c155ed,16/Jun/24 3:10 PM,17/Jun/24 7:32 AM,26/Jun/24 10:58 PM,,,0,,,KhanhHGSE171330,712020:58fabc9f-37e6-4b24-a8a1-175299c155ed,,,,,,,,,,,,,,,,,,,,,{},ghx-label-7,,,Authentication,To Do,,,purple,,,0|hzzzzz:,,Setup,,,,,,,,,,,,,,,,,To Do,16/Jun/24 3:10 PM
